Timestamp,User Count,Type,Name,Requests/s,Failures/s,50%,66%,75%,80%,90%,95%,98%,99%,99.9%,99.99%,100%,Total Request Count,Total Failure Count,Total Median Response Time,Total Average Response Time,Total Min Response Time,Total Max Response Time,Total Average Content Size
1674613259,0,,Aggregated,0.000000,0.000000,N/A,N/A,N/A,N/A,N/A,N/A,N/A,N/A,N/A,N/A,N/A,0,0,0,0.0,0,0,0
1674613260,1,,Aggregated,0.000000,0.000000,41,41,41,41,42,42,66,66,66,66,66,23,0,41,42.17391304347826,41,66,5.0
1674613261,1,,Aggregated,0.000000,0.000000,41,41,41,42,42,42,66,66,66,66,66,46,0,41,41.73913043478261,41,66,4.086956521739131
1674613262,1,,Aggregated,15.000000,0.000000,41,41,41,42,42,42,42,66,66,66,66,70,0,41,41.58571428571429,41,66,3.3714285714285714
1674613263,1,,Aggregated,19.000000,0.000000,41,41,42,42,42,42,42,66,66,66,66,94,0,41,41.51063829787234,41,66,3.021276595744681
1674613264,1,,Aggregated,20.666667,0.000000,41,41,41,42,42,42,42,42,66,66,66,118,0,41,41.440677966101696,41,66,2.8135593220338984
1674613265,1,,Aggregated,21.500000,0.000000,41,41,41,42,42,42,42,42,66,66,66,141,0,41,41.39007092198582,41,66,2.6808510638297873
1674613266,1,,Aggregated,22.000000,0.000000,41,41,41,42,42,42,42,43,66,66,66,165,0,41,41.375757575757575,41,66,2.581818181818182
1674613267,1,,Aggregated,22.166667,0.000000,41,41,41,42,42,42,42,43,66,66,66,189,0,41,41.36507936507937,41,66,2.507936507936508
1674613268,1,,Aggregated,22.428571,0.000000,41,41,41,42,42,42,42,42,66,66,66,213,0,41,41.352112676056336,41,66,2.4507042253521125
1674613269,1,,Aggregated,22.625000,0.000000,41,41,41,42,42,42,42,42,66,66,66,236,0,41,41.34322033898305,41,66,2.406779661016949
1674613270,1,,Aggregated,22.666667,0.000000,41,41,41,42,42,42,42,43,66,66,66,260,0,41,41.34230769230769,41,66,2.3692307692307693
1674613271,1,,Aggregated,22.800000,0.000000,41,41,41,42,42,42,42,43,66,66,66,284,0,41,41.32746478873239,41,66,2.3380281690140845
1674613272,1,,Aggregated,23.700000,0.000000,41,41,41,42,42,42,42,42,66,66,66,308,0,41,41.311688311688314,41,66,2.311688311688312
1674613273,1,,Aggregated,23.700000,0.000000,41,41,41,42,42,42,42,42,66,66,66,331,0,41,41.299093655589125,41,66,2.2900302114803623
1674613274,1,,Aggregated,23.700000,0.000000,41,41,41,42,42,42,42,42,66,66,66,355,0,41,41.292957746478876,41,66,2.2704225352112677
1674613275,1,,Aggregated,23.700000,0.000000,41,41,41,42,42,42,42,42,66,66,66,379,0,41,41.28759894459103,41,66,2.253298153034301
1674613276,1,,Aggregated,23.700000,0.000000,41,41,41,42,42,42,42,42,66,66,66,403,0,41,41.27791563275434,41,66,2.238213399503722
1674613277,1,,Aggregated,23.800000,0.000000,41,41,41,42,42,42,42,42,66,66,66,427,0,41,41.266978922716625,41,66,2.2248243559718968
1674613278,1,,Aggregated,23.700000,0.000000,41,41,41,42,42,42,42,42,66,66,66,450,0,41,41.257777777777775,41,66,2.2133333333333334
1674613279,1,,Aggregated,23.700000,0.000000,41,41,41,41,42,42,42,42,66,66,66,474,0,41,41.24683544303797,40,66,2.2025316455696204
1674613280,1,,Aggregated,23.800000,0.000000,41,41,41,41,42,42,42,42,66,66,66,498,0,41,41.2429718875502,40,66,2.1927710843373496
1674613281,1,,Aggregated,23.800000,0.000000,41,41,41,41,42,42,42,42,66,66,66,522,0,41,41.23754789272031,40,66,2.1839080459770117
1674613282,1,,Aggregated,23.700000,0.000000,41,41,41,41,42,42,42,42,66,66,66,546,0,41,41.234432234432234,40,66,2.1758241758241756
1674613283,1,,Aggregated,23.800000,0.000000,41,41,41,41,42,42,42,42,66,66,66,569,0,41,41.23198594024605,40,66,2.1687170474516697
1674613284,1,,Aggregated,23.800000,0.000000,41,41,41,41,42,42,42,42,66,66,66,593,0,41,41.22428330522766,40,66,2.1618887015177064
1674613285,1,,Aggregated,23.800000,0.000000,41,41,41,41,42,42,42,42,66,66,66,617,0,41,41.21555915721232,40,66,2.1555915721231766
1674613286,1,,Aggregated,23.800000,0.000000,41,41,41,41,42,42,42,42,66,66,66,641,0,41,41.210608424336975,40,66,2.1497659906396254
1674613287,1,,Aggregated,23.700000,0.000000,41,41,41,41,42,42,42,42,66,66,66,665,0,41,41.20902255639098,40,66,2.144360902255639
1674613288,1,,Aggregated,23.800000,0.000000,41,41,41,41,42,42,42,42,66,66,66,688,0,41,41.207848837209305,40,66,2.13953488372093
1674613289,1,,Aggregated,23.800000,0.000000,41,41,41,41,42,42,42,42,66,66,66,712,0,41,41.20224719101124,40,66,2.134831460674157
1674613290,1,,Aggregated,23.800000,0.000000,41,41,41,41,42,42,42,42,66,66,66,736,0,41,41.19701086956522,40,66,2.130434782608696
1674613291,1,,Aggregated,23.700000,0.000000,41,41,41,41,42,42,42,42,66,66,66,760,0,41,41.19210526315789,40,66,2.126315789473684
1674613292,1,,Aggregated,23.800000,0.000000,41,41,41,41,42,42,42,42,66,66,66,784,0,41,41.1875,40,66,2.122448979591837
1674613293,1,,Aggregated,23.800000,0.000000,41,41,41,41,42,42,42,42,66,66,66,807,0,41,41.18463444857497,40,66,2.1189591078066914
1674613294,1,,Aggregated,23.800000,0.000000,41,41,41,41,42,42,42,42,66,66,66,831,0,41,41.182912154031285,40,66,2.115523465703971
1674613295,1,,Aggregated,23.800000,0.000000,41,41,41,41,42,42,42,42,66,66,66,855,0,41,41.17894736842105,40,66,2.112280701754386
1674613296,1,,Aggregated,23.700000,0.000000,41,41,41,41,42,42,42,42,66,66,66,879,0,41,41.1740614334471,40,66,2.1092150170648463
1674613297,1,,Aggregated,23.800000,0.000000,41,41,41,41,42,42,42,42,66,66,66,903,0,41,41.17386489479513,40,66,2.106312292358804
1674613298,1,,Aggregated,23.800000,0.000000,41,41,41,41,42,42,42,42,66,66,66,927,0,41,41.17152103559871,40,66,2.103559870550162
1674613299,1,,Aggregated,23.800000,0.000000,41,41,41,41,42,42,42,42,66,66,66,950,0,41,41.16736842105263,40,66,2.1010526315789475
1674613300,1,,Aggregated,23.800000,0.000000,41,41,41,41,42,42,42,42,66,66,66,974,0,41,41.16427104722793,40,66,2.0985626283367558
1674613301,1,,Aggregated,23.800000,0.000000,41,41,41,41,42,42,42,42,66,66,66,998,0,41,41.1623246492986,40,66,2.096192384769539
1674613302,1,,Aggregated,23.800000,0.000000,41,41,41,41,42,42,42,42,43,66,66,1022,0,41,41.15949119373777,40,66,2.0939334637964775
1674613303,1,,Aggregated,23.800000,0.000000,41,41,41,41,42,42,42,42,43,66,66,1046,0,41,41.15774378585086,40,66,2.0917782026768643
1674613304,1,,Aggregated,23.800000,0.000000,41,41,41,41,42,42,42,42,43,66,66,1070,0,41,41.1588785046729,40,66,2.0897196261682245
1674613305,1,,Aggregated,23.800000,0.000000,41,41,41,41,42,42,42,42,43,66,66,1093,0,41,41.15736505032022,40,66,2.0878316559926806
1674613306,1,,Aggregated,23.800000,0.000000,41,41,41,41,42,42,42,42,43,66,66,1117,0,41,41.15577439570278,40,66,2.0859444941808416
1674613307,1,,Aggregated,23.800000,0.000000,41,41,41,41,42,42,42,42,43,66,66,1141,0,41,41.15600350569676,40,66,2.084136722173532
1674613308,1,,Aggregated,23.800000,0.000000,41,41,41,41,42,42,42,42,43,66,66,1165,0,41,41.153648068669526,40,66,2.082403433476395
1674613309,1,,Aggregated,23.800000,0.000000,41,41,41,41,42,42,42,42,43,66,66,1189,0,41,41.15306980656013,40,66,2.080740117746005
1674613310,1,,Aggregated,23.800000,0.000000,41,41,41,41,42,42,42,42,43,66,66,1212,0,41,41.1526402640264,40,66,2.0792079207920793
1674613311,1,,Aggregated,23.800000,0.000000,41,41,41,41,42,42,42,42,43,66,66,1236,0,41,41.14967637540453,40,66,2.0776699029126213
1674613312,1,,Aggregated,23.800000,0.000000,41,41,41,41,42,42,42,42,43,66,66,1260,0,41,41.1468253968254,40,66,2.0761904761904764
1674613313,1,,Aggregated,23.800000,0.000000,41,41,41,41,42,42,42,42,43,66,66,1284,0,41,41.14641744548287,40,66,2.074766355140187
1674613314,1,,Aggregated,23.800000,0.000000,41,41,41,41,42,42,42,42,43,66,66,1308,0,41,41.14373088685015,40,66,2.073394495412844
1674613315,1,,Aggregated,23.700000,0.000000,41,41,41,41,42,42,42,42,43,66,66,1331,0,41,41.141247182569494,40,66,2.0721262208865516
1674613316,1,,Aggregated,23.800000,0.000000,41,41,41,41,42,42,42,42,43,66,66,1355,0,41,41.140221402214024,40,66,2.070848708487085
1674613317,1,,Aggregated,23.800000,0.000000,41,41,41,41,42,42,42,42,43,66,66,1379,0,41,41.13850616388687,40,66,2.069615663524293
1674613318,1,,Aggregated,23.800000,0.000000,41,41,41,41,42,42,42,42,43,66,66,1403,0,41,41.136136849607986,40,66,2.068424803991447
1674613319,1,,Aggregated,23.800000,0.000000,41,41,41,41,42,42,42,42,43,66,66,1427,0,41,41.13594954449895,40,66,2.067274001401542
1674613320,1,,Aggregated,23.800000,0.000000,41,41,41,41,42,42,42,42,43,66,66,1451,0,41,41.13507925568573,40,66,2.066161268090972
1674613321,1,,Aggregated,23.800000,0.000000,41,41,41,41,42,42,42,42,43,66,66,1474,0,41,41.13500678426052,40,66,2.0651289009497966
1674613322,1,,Aggregated,23.800000,0.000000,41,41,41,41,42,42,42,42,43,66,66,1498,0,41,41.13551401869159,40,66,2.0640854472630172
1674613323,1,,Aggregated,23.800000,0.000000,41,41,41,41,42,42,42,42,43,66,66,1522,0,41,41.13600525624179,40,66,2.0630749014454666
1674613324,1,,Aggregated,23.800000,0.000000,41,41,41,41,42,42,42,42,43,66,66,1546,0,41,41.13518758085382,40,66,2.0620957309184993
1674613325,1,,Aggregated,23.800000,0.000000,41,41,41,41,42,42,42,42,43,66,66,1570,0,41,41.134394904458595,40,66,2.0611464968152866
1674613326,1,,Aggregated,23.800000,0.000000,41,41,41,41,42,42,42,42,43,66,66,1593,0,41,41.13245448838669,40,66,2.0602636534839927
1674613327,1,,Aggregated,23.800000,0.000000,41,41,41,41,42,42,42,42,43,66,66,1617,0,41,41.13110698824985,40,66,2.0593692022263452
1674613328,1,,Aggregated,23.800000,0.000000,41,41,41,41,42,42,42,42,43,66,66,1641,0,41,41.13040828762949,40,66,2.0585009140767823
1674613329,1,,Aggregated,23.800000,0.000000,41,41,41,41,42,42,42,42,43,66,66,1665,0,41,41.129129129129126,40,66,2.0576576576576575
1674613330,1,,Aggregated,23.700000,0.000000,41,41,41,41,42,42,42,42,43,66,66,1689,0,41,41.128478389579634,40,66,2.0568383658969807
1674613331,1,,Aggregated,23.800000,0.000000,41,41,41,41,42,42,42,42,43,66,66,1712,0,41,41.12850467289719,40,66,2.05607476635514
1674613332,1,,Aggregated,23.800000,0.000000,41,41,41,41,42,42,42,42,43,66,66,1736,0,41,41.1278801843318,40,66,2.055299539170507
1674613333,1,,Aggregated,23.800000,0.000000,41,41,41,41,42,42,42,42,43,66,66,1760,0,41,41.12784090909091,40,66,2.0545454545454547
1674613334,1,,Aggregated,23.800000,0.000000,41,41,41,41,42,42,42,42,43,66,66,1784,0,41,41.12836322869955,40,66,2.0538116591928253
1674613335,1,,Aggregated,23.800000,0.000000,41,41,41,41,42,42,42,42,43,66,66,1808,0,41,41.127765486725664,40,66,2.0530973451327434
1674613336,1,,Aggregated,23.800000,0.000000,41,41,41,41,42,42,42,42,43,66,66,1832,0,41,41.127729257641924,40,66,2.052401746724891
1674613337,1,,Aggregated,23.800000,0.000000,41,41,41,41,42,42,42,42,43,66,66,1855,0,41,41.12452830188679,40,66,2.0517520215633422
1674613338,1,,Aggregated,23.800000,0.000000,41,41,41,41,42,42,42,42,43,66,66,1879,0,41,41.124534326769556,40,66,2.0510910058541776
1674613339,1,,Aggregated,23.800000,0.000000,41,41,41,41,42,42,42,42,43,66,66,1903,0,41,41.12611665790857,40,66,2.0504466631634264
1674613340,1,,Aggregated,23.800000,0.000000,41,41,41,41,42,42,42,42,43,66,66,1927,0,41,41.12558380902958,40,66,2.0498183705241306
1674613341,1,,Aggregated,23.800000,0.000000,41,41,41,41,42,42,42,42,43,66,66,1951,0,41,41.12506406970784,40,66,2.0492055356227574
1674613342,1,,Aggregated,23.800000,0.000000,41,41,41,41,42,42,42,42,43,66,66,1974,0,41,41.12563323201621,40,66,2.048632218844985
1674613343,1,,Aggregated,23.800000,0.000000,41,41,41,41,42,42,42,42,43,66,66,1998,0,41,41.12412412412412,40,66,2.048048048048048
1674613344,1,,Aggregated,23.700000,0.000000,41,41,41,41,42,42,42,42,43,66,66,2022,0,41,41.12265084075173,40,66,2.0474777448071215
1674613345,1,,Aggregated,23.800000,0.000000,41,41,41,41,42,42,42,42,43,66,66,2046,0,41,41.121212121212125,40,66,2.0469208211143695
1674613346,1,,Aggregated,23.800000,0.000000,41,41,41,41,42,42,42,42,43,66,66,2070,0,41,41.120289855072464,40,66,2.046376811594203
1674613347,1,,Aggregated,23.800000,0.000000,41,41,41,41,42,42,42,42,43,66,66,2094,0,41,41.119388729703914,40,66,2.0458452722063036
1674613348,1,,Aggregated,23.800000,0.000000,41,41,41,41,42,42,42,42,43,66,66,2117,0,41,41.1185640056684,40,66,2.045347189418989
1674613349,1,,Aggregated,23.700000,0.000000,41,41,41,41,42,42,42,42,43,66,66,2141,0,41,41.120037365716954,40,66,2.044838860345633
1674613350,1,,Aggregated,23.800000,0.000000,41,41,41,41,42,42,42,42,43,66,66,2165,0,41,41.119630484988456,40,66,2.044341801385681
1674613351,1,,Aggregated,23.800000,0.000000,41,41,41,41,42,42,42,42,43,66,66,2189,0,41,41.118775696665146,40,66,2.0438556418455915
1674613352,1,,Aggregated,23.800000,0.000000,41,41,41,41,42,42,42,42,43,66,66,2213,0,41,41.119295074559425,40,66,2.043380027112517
1674613353,1,,Aggregated,23.800000,0.000000,41,41,41,41,42,42,42,42,43,66,66,2236,0,41,41.11896243291592,40,66,2.0429338103756707
1674613354,1,,Aggregated,23.800000,0.000000,41,41,41,41,42,42,42,42,43,66,66,2260,0,41,41.11814159292035,40,66,2.0424778761061946
1674613355,1,,Aggregated,23.800000,0.000000,41,41,41,41,42,42,42,42,43,66,66,2284,0,41,41.11690017513135,40,66,2.042031523642732
1674613356,1,,Aggregated,23.800000,0.000000,41,41,41,41,42,42,42,42,43,66,66,2308,0,41,41.11698440207972,40,66,2.0415944540727904
1674613357,1,,Aggregated,23.800000,0.000000,41,41,41,41,42,42,42,42,43,66,66,2332,0,41,41.11663807890223,40,66,2.041166380789022
1674613358,1,,Aggregated,23.800000,0.000000,41,41,41,41,42,42,42,42,43,66,66,2356,0,41,41.11672325976231,40,66,2.0407470288624787
1674613359,1,,Aggregated,23.800000,0.000000,41,41,41,41,42,42,42,42,43,66,66,2379,0,41,41.116435477091215,40,66,2.040353089533417
1674613360,1,,Aggregated,23.800000,0.000000,41,41,41,41,42,42,42,42,43,66,66,2403,0,41,41.11652101539742,40,66,2.0399500624219726
1674613361,1,,Aggregated,23.800000,0.000000,41,41,41,41,42,42,42,42,43,66,66,2427,0,41,41.11495673671199,40,66,2.03955500618047
1674613362,1,,Aggregated,23.800000,0.000000,41,41,41,41,42,42,42,42,43,66,66,2451,0,41,41.11342309261526,40,66,2.039167686658507
1674613363,1,,Aggregated,23.800000,0.000000,41,41,41,41,42,42,42,42,43,66,66,2475,0,41,41.11313131313131,40,66,2.0387878787878786
1674613364,1,,Aggregated,23.800000,0.000000,41,41,41,41,42,42,42,42,43,66,66,2499,0,41,41.11364545818327,40,66,2.0384153661464586
1674613365,1,,Aggregated,23.800000,0.000000,41,41,41,41,42,42,42,42,43,66,66,2522,0,41,41.11300555114988,40,66,2.0380650277557493
1674613366,1,,Aggregated,23.800000,0.000000,41,41,41,41,42,42,42,42,43,66,66,2546,0,41,41.113904163393556,40,66,2.03770620581304
1674613367,1,,Aggregated,23.800000,0.000000,41,41,41,41,42,42,42,42,43,66,66,2570,0,41,41.11400778210117,40,66,2.0373540856031127
1674613368,1,,Aggregated,23.800000,0.000000,41,41,41,41,42,42,42,42,43,66,66,2594,0,41,41.113338473400155,40,66,2.0370084811102545
1674613369,1,,Aggregated,23.800000,0.000000,41,41,41,41,42,42,42,42,43,66,66,2618,0,41,41.11344537815126,40,66,2.036669213139801
1674613370,1,,Aggregated,23.800000,0.000000,41,41,41,41,42,42,42,42,43,66,66,2641,0,41,41.11283604695191,40,66,2.0363498674744416
1674613371,1,,Aggregated,23.800000,0.000000,41,41,41,41,42,42,42,42,43,66,66,2665,0,41,41.11294559099437,40,66,2.0360225140712944
1674613372,1,,Aggregated,23.800000,0.000000,41,41,41,41,42,42,42,42,43,66,66,2689,0,41,41.11305317962068,40,66,2.03570100409074
1674613373,1,,Aggregated,23.800000,0.000000,41,41,41,41,42,42,42,42,43,66,66,2713,0,41,41.11242167342425,40,66,2.035385182454847
1674613374,1,,Aggregated,23.800000,0.000000,41,41,41,41,42,42,42,42,43,66,66,2737,0,41,41.11180124223603,40,66,2.035074899525027
1674613375,1,,Aggregated,23.800000,0.000000,41,41,41,41,42,42,42,42,43,66,66,2761,0,41,41.11119159724738,40,66,2.0347700108656284
1674613376,1,,Aggregated,23.800000,0.000000,41,41,41,41,42,42,42,42,43,66,66,2784,0,41,41.10919540229885,40,66,2.0344827586206895
1674613377,1,,Aggregated,23.800000,0.000000,41,41,41,41,42,42,42,42,43,66,66,2808,0,41,41.10968660968661,40,66,2.034188034188034
1674613378,1,,Aggregated,23.800000,0.000000,41,41,41,41,42,42,42,42,43,66,66,2832,0,41,41.10946327683616,40,66,2.0338983050847457
1674613379,1,,Aggregated,23.800000,0.000000,41,41,41,41,42,42,42,42,43,66,66,2856,0,41,41.11064425770308,40,66,2.033613445378151
1674613380,1,,Aggregated,23.800000,0.000000,41,41,41,41,42,42,42,42,43,66,66,2880,0,41,41.110416666666666,40,66,2.033333333333333
1674613381,1,,Aggregated,23.800000,0.000000,41,41,41,41,42,42,42,42,43,66,66,2903,0,41,41.110575266965206,40,66,2.033069238718567
1674613382,1,,Aggregated,23.800000,0.000000,41,41,41,41,42,42,42,42,43,66,66,2927,0,41,41.11171848308849,40,66,2.0327980867782713
1674613383,1,,Aggregated,23.700000,0.000000,41,41,41,41,42,42,42,42,43,66,66,2951,0,41,41.11148763131142,40,66,2.032531345306676
1674613384,1,,Aggregated,23.800000,0.000000,41,41,41,41,42,42,42,42,43,66,66,2975,0,41,41.1109243697479,40,66,2.0322689075630254
1674613385,1,,Aggregated,23.800000,0.000000,41,41,41,41,42,42,42,42,43,66,66,2999,0,41,41.11137045681894,40,66,2.032010670223408
1674613386,1,,Aggregated,23.800000,0.000000,41,41,41,41,42,42,42,42,43,66,66,3023,0,41,41.112801852464436,40,66,2.0317565332451206
1674613387,1,,Aggregated,23.800000,0.000000,41,41,41,41,42,42,42,42,43,66,66,3046,0,41,41.11227839789888,40,66,2.031516743269862
1674613388,1,,Aggregated,23.700000,0.000000,41,41,41,41,42,42,42,42,43,66,66,3070,0,41,41.11270358306189,40,66,2.031270358306189
1674613389,1,,Aggregated,23.800000,0.000000,41,41,41,41,42,42,42,42,43,66,66,3094,0,41,41.11279896574014,40,66,2.031027795733678
1674613390,1,,Aggregated,23.800000,0.000000,41,41,41,41,42,42,42,42,43,66,66,3118,0,41,41.11225144323284,40,66,2.030788967286722
1674613391,1,,Aggregated,23.800000,0.000000,41,41,41,41,42,42,42,42,43,66,66,3142,0,41,41.111394016549966,40,66,2.030553787396563
1674613392,1,,Aggregated,23.800000,0.000000,41,41,41,41,42,42,42,42,43,66,66,3165,0,41,41.111216429699844,40,66,2.0303317535545022
1674613393,1,,Aggregated,23.800000,0.000000,41,41,41,41,42,42,42,42,43,66,66,3189,0,41,41.11069300721229,40,66,2.0301034807149576
1674613394,1,,Aggregated,23.800000,0.000000,41,41,41,41,42,42,42,42,43,66,66,3213,0,41,41.111111111111114,40,66,2.029878618113912
1674613395,1,,Aggregated,23.800000,0.000000,41,41,41,41,42,42,42,42,43,66,66,3237,0,41,41.11152301513747,40,66,2.0296570898980537
1674613396,1,,Aggregated,23.800000,0.000000,41,41,41,41,42,42,42,42,43,66,66,3261,0,41,41.11223551057957,40,66,2.0294388224471023
1674613397,1,,Aggregated,23.800000,0.000000,41,41,41,41,42,42,42,42,43,66,66,3284,0,41,41.11205846528624,40,66,2.0292326431181484
1674613398,1,,Aggregated,23.800000,0.000000,41,41,41,41,42,42,42,42,43,66,66,3308,0,41,41.11275695284159,40,66,2.029020556227328
1674613399,1,,Aggregated,23.800000,0.000000,41,41,41,41,42,42,42,42,43,66,66,3332,0,41,41.112545018007204,40,66,2.028811524609844
1674613400,1,,Aggregated,23.800000,0.000000,41,41,41,41,42,42,42,42,43,66,66,3356,0,41,41.11263408820024,40,66,2.028605482717521
1674613401,1,,Aggregated,23.800000,0.000000,41,41,41,41,42,42,42,42,43,66,66,3380,0,41,41.11183431952663,40,66,2.0284023668639053
1674613402,1,,Aggregated,23.700000,0.000000,41,41,41,41,42,42,42,42,43,66,66,3404,0,41,41.11251468860164,40,66,2.0282021151586367
1674613403,1,,Aggregated,23.800000,0.000000,41,41,41,41,42,42,42,42,43,66,66,3427,0,41,41.1120513568719,40,66,2.028012839217975
1674613404,1,,Aggregated,23.800000,0.000000,41,41,41,41,42,42,42,42,43,66,66,3451,0,41,41.11214140828745,40,66,2.0278180237612284
1674613405,1,,Aggregated,23.800000,0.000000,41,41,41,41,42,42,42,42,43,66,66,3475,0,41,41.111942446043166,40,66,2.0276258992805754
1674613406,1,,Aggregated,23.800000,0.000000,41,41,41,41,42,42,42,42,43,66,66,3499,0,41,41.112317805087166,40,66,2.0274364104029723
1674613407,1,,Aggregated,23.700000,0.000000,41,41,41,41,42,42,42,42,43,66,66,3523,0,41,41.11268804995742,40,66,2.0272495032642635
1674613408,1,,Aggregated,23.800000,0.000000,41,41,41,41,42,42,42,42,43,66,66,3546,0,41,41.11336717428088,40,66,2.027072758037225
1674613409,1,,Aggregated,23.800000,0.000000,41,41,41,41,42,42,42,42,43,66,66,3570,0,41,41.11344537815126,40,66,2.026890756302521
1674613410,1,,Aggregated,23.800000,0.000000,41,41,41,41,42,42,42,42,43,66,66,3594,0,41,41.1135225375626,40,66,2.026711185308848
1674613411,1,,Aggregated,23.700000,0.000000,41,41,41,41,42,42,42,42,43,66,66,3618,0,41,41.11387506909895,40,66,2.0265339966832503
1674613412,1,,Aggregated,23.800000,0.000000,41,41,41,41,42,42,42,42,43,66,66,3642,0,41,41.11339923119165,40,66,2.026359143327842
1674613413,1,,Aggregated,23.800000,0.000000,41,41,41,41,42,42,42,42,43,66,66,3665,0,41,41.11350613915416,40,66,2.026193724420191
1674613414,1,,Aggregated,23.800000,0.000000,41,41,41,41,42,42,42,42,43,66,66,3689,0,41,41.11276768772025,40,66,2.026023312550827
1674613415,1,,Aggregated,23.800000,0.000000,41,41,41,41,42,42,42,42,43,66,66,3713,0,41,41.1123081066523,40,66,2.0258551036897385
1674613416,1,,Aggregated,23.700000,0.000000,41,41,41,41,42,42,42,42,43,66,66,3737,0,41,41.111854428686115,40,66,2.0256890553920255
1674613417,1,,Aggregated,23.800000,0.000000,41,41,41,41,42,42,42,42,43,66,66,3761,0,41,41.11114065408136,40,66,2.025525126296198
1674613418,1,,Aggregated,23.800000,0.000000,41,41,41,41,42,42,42,42,43,66,66,3785,0,41,41.110964332893,40,66,2.0253632760898284
1674613419,1,,Aggregated,23.800000,0.000000,41,41,41,41,42,42,42,42,43,66,66,3809,0,41,41.11079023365713,40,66,2.025203465476503
1674613420,1,,Aggregated,23.800000,0.000000,41,41,41,41,42,42,42,42,43,66,66,3832,0,41,41.11195198329854,40,66,2.0250521920668056
1674613421,1,,Aggregated,23.900000,0.000000,41,41,41,41,42,42,42,42,43,66,66,3856,0,41,41.11151452282158,40,66,2.024896265560166
1674613422,1,,Aggregated,23.800000,0.000000,41,41,41,41,42,42,42,42,43,66,66,3880,0,41,41.111082474226805,40,66,2.024742268041237
1674613423,1,,Aggregated,23.800000,0.000000,41,41,41,41,42,42,42,42,43,66,66,3904,0,41,41.110911885245905,40,66,2.0245901639344264
1674613424,1,,Aggregated,23.800000,0.000000,41,41,41,41,42,42,42,42,43,66,66,3928,0,41,41.110488798370675,40,66,2.024439918533605
1674613425,1,,Aggregated,23.800000,0.000000,41,41,41,41,42,42,42,42,43,66,66,3951,0,41,41.111364211592004,40,66,2.0242976461655275
1674613426,1,,Aggregated,23.900000,0.000000,41,41,41,41,42,42,42,42,43,66,66,3975,0,41,41.11119496855346,40,66,2.0241509433962266
1674613427,1,,Aggregated,23.800000,0.000000,41,41,41,41,42,42,42,42,43,66,66,3999,0,41,41.11102775693924,40,66,2.024006001500375
1674613428,1,,Aggregated,23.800000,0.000000,41,41,41,41,42,42,42,42,43,66,66,4023,0,41,41.111111111111114,40,66,2.02386278896346
1674613429,1,,Aggregated,23.800000,0.000000,41,41,41,41,42,42,42,42,43,66,66,4047,0,41,41.111687669878926,40,66,2.023721275018532
1674613430,1,,Aggregated,23.800000,0.000000,41,41,41,41,42,42,42,42,43,66,66,4070,0,41,41.11179361179361,40,66,2.0235872235872234
1674613431,1,,Aggregated,23.700000,0.000000,41,41,41,41,42,42,42,42,43,66,66,4094,0,41,41.111382510991696,40,66,2.023448949682462
1674613432,1,,Aggregated,23.800000,0.000000,41,41,41,41,42,42,42,42,43,66,66,4118,0,41,41.11097620203982,40,66,2.0233122875182126
1674613433,1,,Aggregated,23.800000,0.000000,41,41,41,41,42,42,42,42,43,66,66,4142,0,41,41.110816030902946,40,66,2.02317720907774
1674613434,1,,Aggregated,23.800000,0.000000,41,41,41,41,42,42,42,42,43,66,66,4166,0,41,41.11041766682669,40,66,2.023043686989918
1674613435,1,,Aggregated,23.800000,0.000000,41,41,41,41,42,42,42,42,43,66,66,4190,0,41,41.110978520286395,40,66,2.0229116945107397
1674613436,1,,Aggregated,23.700000,0.000000,41,41,41,41,42,42,42,42,43,66,66,4213,0,41,41.11084737716592,40,66,2.022786612864942
1674613437,1,,Aggregated,23.800000,0.000000,41,41,41,41,42,42,42,42,43,66,66,4237,0,41,41.11021949492565,40,66,2.0226575407127685
1674613438,1,,Aggregated,23.800000,0.000000,41,41,41,41,42,42,42,42,43,66,66,4261,0,41,41.10983337244778,40,66,2.022529922553391
1674613439,1,,Aggregated,23.800000,0.000000,41,41,41,41,42,42,42,42,43,66,66,4285,0,41,41.10991831971995,40,66,2.022403733955659
1674613440,1,,Aggregated,23.800000,0.000000,41,41,41,41,42,42,42,42,43,66,66,4309,0,41,41.109538175910885,40,66,2.0222789510327224
1674613441,1,,Aggregated,23.800000,0.000000,41,41,41,41,42,42,42,42,43,66,66,4332,0,41,41.109418282548475,40,66,2.0221606648199444
1674613442,1,,Aggregated,23.800000,0.000000,41,41,41,41,42,42,42,42,43,66,66,4356,0,41,41.109274563820016,40,66,2.0220385674931127
1674613443,1,,Aggregated,23.800000,0.000000,41,41,41,41,42,42,42,42,43,66,66,4380,0,41,41.10913242009133,40,66,2.021917808219178
1674613444,1,,Aggregated,23.800000,0.000000,41,41,41,41,42,42,42,42,43,66,66,4404,0,41,41.10899182561308,40,66,2.0217983651226157
1674613445,1,,Aggregated,23.800000,0.000000,41,41,41,41,42,42,42,42,43,66,66,4428,0,41,41.10862691960253,40,66,2.021680216802168
1674613446,1,,Aggregated,23.800000,0.000000,41,41,41,41,42,42,42,42,43,66,66,4451,0,41,41.108065603235225,40,66,2.0215681869242865
1674613447,1,,Aggregated,23.800000,0.000000,41,41,41,41,42,42,42,42,43,66,66,4475,0,41,41.10748603351955,40,66,2.0214525139664805
1674613448,1,,Aggregated,23.800000,0.000000,41,41,41,41,42,42,42,42,43,66,66,4499,0,41,41.10713491887086,40,66,2.0213380751278063
1674613449,1,,Aggregated,23.800000,0.000000,41,41,41,41,42,42,42,42,43,66,66,4523,0,41,41.10745080698651,40,66,2.021224850762768
1674613450,1,,Aggregated,23.800000,0.000000,41,41,41,41,42,42,42,42,43,66,66,4547,0,41,41.106663734330326,40,66,2.021112821640642
1674613451,1,,Aggregated,23.800000,0.000000,41,41,41,41,42,42,42,42,43,66,66,4571,0,41,41.10676000875082,40,66,2.0210019689345877
1674613452,1,,Aggregated,23.800000,0.000000,41,41,41,41,42,42,42,42,43,66,66,4594,0,41,41.106878537222464,40,66,2.020896821941663
1674613453,1,,Aggregated,23.800000,0.000000,41,41,41,41,42,42,42,42,43,66,66,4618,0,41,41.10653962754439,40,66,2.0207882200086615
1674613454,1,,Aggregated,23.800000,0.000000,41,41,41,41,42,42,42,42,43,66,66,4642,0,41,41.10598879793193,40,66,2.020680741059888
1674613455,1,,Aggregated,23.700000,0.000000,41,41,41,41,42,42,42,42,43,66,66,4666,0,41,41.10587226746678,40,66,2.020574367766824
1674613456,1,,Aggregated,23.800000,0.000000,41,41,41,41,42,42,42,42,43,66,66,4690,0,41,41.10511727078891,40,66,2.02046908315565
1674613457,1,,Aggregated,23.800000,0.000000,41,41,41,41,42,42,42,42,43,66,66,4714,0,41,41.10500636402206,40,66,2.0203648705982182
1674613458,1,,Aggregated,23.800000,0.000000,41,41,41,41,42,42,42,42,43,66,66,4737,0,41,41.104496516782774,40,66,2.0202659911336287
1674613459,1,,Aggregated,23.800000,0.000000,41,41,41,41,42,42,42,42,43,66,66,4761,0,41,41.105440033606385,40,66,2.020163831127914
1674613460,1,,Aggregated,23.700000,0.000000,41,41,41,41,42,42,42,42,43,66,66,4785,0,41,41.10532915360501,40,66,2.0200626959247647
1674613461,1,,Aggregated,23.800000,0.000000,41,41,41,41,42,42,42,42,43,66,66,4809,0,41,41.105011436889164,40,66,2.019962570180911
1674613462,1,,Aggregated,23.800000,0.000000,41,41,41,41,42,42,42,42,43,66,66,4833,0,41,41.104903786468036,40,66,2.0198634388578522
1674613463,1,,Aggregated,23.800000,0.000000,41,41,41,41,42,42,42,42,43,66,66,4856,0,41,41.10440691927512,40,66,2.0197693574958815
1674613464,1,,Aggregated,23.800000,0.000000,41,41,41,41,42,42,42,42,43,66,66,4880,0,41,41.10409836065574,40,66,2.019672131147541
1674613465,1,,Aggregated,23.800000,0.000000,41,41,41,41,42,42,42,42,43,66,66,4904,0,41,41.10358890701468,40,66,2.0195758564437196
1674613466,1,,Aggregated,23.800000,0.000000,41,41,41,41,42,42,42,42,43,66,66,4928,0,41,41.10328733766234,40,66,2.0194805194805197
1674613467,1,,Aggregated,23.800000,0.000000,41,41,41,41,42,42,42,42,43,66,66,4952,0,41,41.1029886914378,40,66,2.0193861066235863
1674613468,1,,Aggregated,23.800000,0.000000,41,41,41,41,42,42,42,42,43,66,66,4975,0,41,41.10311557788945,40,66,2.0192964824120603
1674613469,1,,Aggregated,23.800000,0.000000,41,41,41,41,42,42,42,42,43,66,66,4999,0,41,41.102820564112825,40,66,2.019203840768154
1674613470,1,,Aggregated,23.800000,0.000000,41,41,41,41,42,42,42,42,43,66,66,5023,0,41,41.1025283695003,40,66,2.0191120844117063
1674613471,1,,Aggregated,23.800000,0.000000,41,41,41,41,42,42,42,42,43,66,66,5047,0,41,41.10243709134139,40,66,2.019021200713295
1674613472,1,,Aggregated,23.800000,0.000000,41,41,41,41,42,42,42,42,43,66,66,5071,0,41,41.10195227765727,40,66,2.018931177282587
1674613473,1,,Aggregated,23.800000,0.000000,41,41,41,41,42,42,42,42,43,66,66,5094,0,41,41.10208087946604,40,66,2.0188457008244995
1674613474,1,,Aggregated,23.700000,0.000000,41,41,41,41,42,42,42,42,43,66,66,5118,0,41,41.102188354826104,40,66,2.018757327080891
1674613475,1,,Aggregated,23.800000,0.000000,41,41,41,41,42,42,42,42,43,66,66,5142,0,41,41.10171139634384,40,66,2.018669778296383
1674613476,1,,Aggregated,23.800000,0.000000,41,41,41,41,42,42,42,42,43,66,66,5166,0,41,41.101432442895856,40,66,2.0185830429732867
1674613477,1,,Aggregated,23.800000,0.000000,41,41,41,41,42,42,42,42,43,66,66,5190,0,41,41.10134874759152,40,66,2.0184971098265896
1674613478,1,,Aggregated,23.800000,0.000000,41,41,41,41,42,42,42,42,43,66,66,5214,0,41,41.10126582278481,40,66,2.0184119677790564
1674613479,1,,Aggregated,23.700000,0.000000,41,41,41,41,42,42,42,42,43,66,66,5237,0,41,41.10082108077143,40,66,2.018331105594806
1674613480,1,,Aggregated,23.800000,0.000000,41,41,41,41,42,42,42,42,43,66,66,5261,0,41,41.10226192739023,40,66,2.0182474814674016
1674613481,1,,Aggregated,23.800000,0.000000,41,41,41,41,42,42,42,42,43,66,66,5285,0,41,41.102175969725636,40,66,2.0181646168401137
1674613482,1,,Aggregated,23.800000,0.000000,41,41,41,41,42,42,42,42,43,66,66,5309,0,41,41.10171407044641,40,66,2.0180825014126955
1674613483,1,,Aggregated,23.700000,0.000000,41,41,41,41,42,42,42,42,43,66,66,5333,0,41,41.1016313519595,40,66,2.0180011250703167
1674613484,1,,Aggregated,23.800000,0.000000,41,41,41,41,42,42,42,42,43,66,66,5356,0,41,41.10138162808066,40,66,2.0179238237490664
1674613485,1,,Aggregated,23.800000,0.000000,41,41,41,41,42,42,42,42,43,66,66,5380,0,41,41.10111524163569,40,66,2.017843866171004
1674613486,1,,Aggregated,23.800000,0.000000,41,41,41,41,42,42,42,42,43,66,66,5404,0,41,41.10140636565507,40,66,2.0177646188008884
1674613487,1,,Aggregated,23.800000,0.000000,41,41,41,41,42,42,42,42,43,66,66,5428,0,41,41.10095799557848,40,66,2.0176860722181282
1674613488,1,,Aggregated,23.700000,0.000000,41,41,41,41,42,42,42,42,43,66,66,5452,0,41,41.10051357300073,40,66,2.0176082171680116
1674613489,1,,Aggregated,23.800000,0.000000,41,41,41,41,42,42,42,42,43,66,66,5475,0,41,41.10063926940639,40,66,2.0175342465753423
1674613490,1,,Aggregated,23.800000,0.000000,41,41,41,41,42,42,42,42,43,66,66,5499,0,41,41.10038188761593,40,66,2.017457719585379
1674613491,1,,Aggregated,23.800000,0.000000,41,41,41,41,42,42,42,42,43,66,66,5523,0,41,41.09958355965961,40,66,2.0173818576860403
1674613492,1,,Aggregated,23.800000,0.000000,41,41,41,41,41,42,42,42,43,66,66,5547,0,41,41.09915269515053,40,66,2.0173066522444563
1674613493,1,,Aggregated,23.800000,0.000000,41,41,41,41,41,42,42,42,43,66,66,5571,0,41,41.098725542990486,40,66,2.017232094776521
1674613494,1,,Aggregated,23.800000,0.000000,41,41,41,41,41,42,42,42,43,66,66,5595,0,41,41.09865951742627,40,66,2.0171581769437
1674613495,1,,Aggregated,23.800000,0.000000,41,41,41,41,41,42,42,42,43,66,66,5619,0,41,41.09859405588183,40,66,2.01708489054992
1674613496,1,,Aggregated,23.800000,0.000000,41,41,41,41,41,42,42,42,43,66,66,5642,0,41,41.098192130450194,40,66,2.0170152428216945
1674613497,1,,Aggregated,23.800000,0.000000,41,41,41,41,41,42,42,42,43,66,66,5666,0,41,41.09812919166961,40,66,2.0169431697846805
1674613498,1,,Aggregated,23.900000,0.000000,41,41,41,41,41,42,42,42,43,66,66,5690,0,41,41.097715289982425,40,66,2.0168717047451667
1674613499,1,,Aggregated,23.800000,0.000000,41,41,41,41,41,42,42,42,43,66,66,5714,0,41,41.09765488274414,40,66,2.016800840042002
1674613500,1,,Aggregated,23.800000,0.000000,41,41,41,41,41,42,42,42,43,66,66,5738,0,41,41.097769257581035,40,66,2.0167305681422096
1674613501,1,,Aggregated,23.800000,0.000000,41,41,41,41,41,42,42,42,43,66,66,5762,0,41,41.09770912877473,40,66,2.01666088163832
1674613502,1,,Aggregated,23.800000,0.000000,41,41,41,41,41,42,42,42,43,66,66,5785,0,41,41.098530682800344,40,66,2.0165946413137426
1674613503,1,,Aggregated,23.900000,0.000000,41,41,41,41,41,42,42,42,43,66,66,5809,0,41,41.09846789464624,40,66,2.0165260802203475
1674613504,1,,Aggregated,23.800000,0.000000,41,41,41,41,41,42,42,42,43,66,66,5833,0,41,41.09789130807475,40,66,2.016458083319047
1674613505,1,,Aggregated,23.800000,0.000000,41,41,41,41,41,42,42,42,43,66,66,5857,0,41,41.09783165443059,40,66,2.016390643674236
1674613506,1,,Aggregated,23.800000,0.000000,41,41,41,41,41,42,42,42,43,66,66,5881,0,41,41.09777248767217,40,66,2.0163237544635266
1674613507,1,,Aggregated,23.800000,0.000000,41,41,41,41,41,42,42,42,43,66,66,5904,0,41,41.09773035230352,40,66,2.016260162601626
1674613508,1,,Aggregated,23.800000,0.000000,41,41,41,41,41,42,42,42,43,66,66,5928,0,41,41.09800944669366,40,66,2.016194331983806
1674613509,1,,Aggregated,23.800000,0.000000,41,41,41,41,41,42,42,42,43,66,66,5952,0,41,41.09795026881721,40,66,2.0161290322580645
1674613510,1,,Aggregated,23.800000,0.000000,41,41,41,41,41,42,42,42,43,66,66,5976,0,41,41.09738955823293,40,66,2.0160642570281126
1674613511,1,,Aggregated,23.800000,0.000000,41,41,41,41,41,42,42,42,43,66,66,6000,0,41,41.097,40,66,2.016
1674613512,1,,Aggregated,23.800000,0.000000,41,41,41,41,41,42,42,42,43,66,66,6024,0,41,41.09694555112882,40,66,2.0159362549800797
1674613513,1,,Aggregated,23.800000,0.000000,41,41,41,41,41,42,42,42,43,66,66,6047,0,41,41.09707292872499,40,66,2.0158756408136265
1674613514,1,,Aggregated,23.800000,0.000000,41,41,41,41,41,42,42,42,43,66,66,6071,0,41,41.09718333058804,40,66,2.0158128809092406
1674613515,1,,Aggregated,23.800000,0.000000,41,41,41,41,41,42,42,42,43,66,66,6095,0,41,41.09680065627563,40,66,2.0157506152584084
1674613516,1,,Aggregated,23.800000,0.000000,41,41,41,41,41,42,42,42,43,66,66,6119,0,41,41.096911260009804,40,66,2.015688838045432
1674613517,1,,Aggregated,23.800000,0.000000,41,41,41,41,41,42,42,42,43,66,66,6143,0,41,41.09702099951164,40,66,2.015627543545499
1674613518,1,,Aggregated,23.800000,0.000000,41,41,41,41,41,42,42,42,43,66,66,6167,0,41,41.09664342467975,40,66,2.015566726122912
1674613519,1,,Aggregated,23.800000,0.000000,41,41,41,41,41,42,42,42,43,66,66,6190,0,41,41.09660743134087,40,66,2.015508885298869
1674613520,1,,Aggregated,23.800000,0.000000,41,41,41,41,41,42,42,42,43,66,66,6214,0,41,41.09655616350177,40,66,2.0154489861602833
1674613521,1,,Aggregated,23.800000,0.000000,41,41,41,41,41,42,42,42,43,66,66,6238,0,41,41.096505290157104,40,66,2.0153895479320294
1674613522,1,,Aggregated,23.800000,0.000000,41,41,41,41,41,42,42,42,43,66,66,6262,0,41,41.096295113382304,40,66,2.015330565314596
1674613523,1,,Aggregated,23.800000,0.000000,41,41,41,41,41,42,42,42,43,66,66,6286,0,41,41.096245625198854,40,66,2.015272033089405
1674613524,1,,Aggregated,23.800000,0.000000,41,41,41,41,41,42,42,42,43,66,66,6310,0,41,41.09635499207607,40,66,2.015213946117274
1674613525,1,,Aggregated,23.800000,0.000000,41,41,41,41,41,42,42,42,43,66,66,6333,0,41,41.09647876204011,40,66,2.0151586925627663
1674613526,1,,Aggregated,23.800000,0.000000,41,41,41,41,41,42,42,42,43,66,66,6357,0,41,41.096901053956266,40,66,2.015101462954224
1674613527,1,,Aggregated,23.800000,0.000000,41,41,41,41,41,42,42,42,43,66,66,6381,0,41,41.09669330825889,40,66,2.015044663845792
1674613528,1,,Aggregated,23.800000,0.000000,41,41,41,41,41,42,42,42,43,66,66,6405,0,41,41.0967993754879,40,66,2.0149882903981267
1674613529,1,,Aggregated,23.800000,0.000000,41,41,41,41,41,42,42,42,43,66,66,6429,0,41,41.09674910561518,40,66,2.0149323378441437
1674613530,1,,Aggregated,23.800000,0.000000,41,41,41,41,41,42,42,42,43,66,66,6452,0,41,41.096714197148174,40,66,2.014879107253565
1674613531,1,,Aggregated,23.800000,0.000000,41,41,41,41,41,42,42,42,43,66,66,6476,0,41,41.096355775169854,40,66,2.014823965410747
1674613532,1,,Aggregated,23.800000,0.000000,41,41,41,41,41,42,42,42,43,66,66,6500,0,41,41.096,40,66,2.0147692307692306
1674613533,1,,Aggregated,23.800000,0.000000,41,41,41,41,41,42,42,42,43,66,66,6524,0,41,41.09610668301656,40,66,2.0147148988350705
1674613534,1,,Aggregated,23.800000,0.000000,41,41,41,41,41,42,42,42,43,66,66,6548,0,41,41.09682345754429,40,66,2.014660965180208
1674613535,1,,Aggregated,23.800000,0.000000,41,41,41,41,41,42,42,42,43,66,66,6571,0,41,41.09648455334044,40,66,2.014609648455334
1674613536,1,,Aggregated,23.800000,0.000000,41,41,41,41,41,42,42,42,43,66,66,6595,0,41,41.096739954510994,40,66,2.0145564821834725
1674613537,1,,Aggregated,23.800000,0.000000,41,41,41,41,41,42,42,42,43,66,66,6619,0,41,41.09608702220879,40,66,2.014503701465478
1674613538,1,,Aggregated,23.800000,0.000000,41,41,41,41,41,42,42,42,43,66,66,6643,0,41,41.096040945356016,40,66,2.014451302122535
1674613539,1,,Aggregated,23.800000,0.000000,41,41,41,41,41,42,42,42,43,66,66,6667,0,41,41.096145192740366,40,66,2.014399280035998
1674613540,1,,Aggregated,23.800000,0.000000,41,41,41,41,41,42,42,42,43,66,66,6691,0,41,41.09594978329099,40,66,2.014347631146316
1674613541,1,,Aggregated,23.800000,0.000000,41,41,41,41,41,42,42,42,43,66,66,6714,0,41,41.095770032767355,40,66,2.0142984807864166
1674613542,1,,Aggregated,23.800000,0.000000,41,41,41,41,41,42,42,42,43,66,66,6738,0,41,41.09572573463936,40,66,2.014247551202137
1674613543,1,,Aggregated,23.700000,0.000000,41,41,41,41,41,42,42,42,43,66,66,6762,0,41,41.095681750961255,40,66,2.0141969831410824
1674613544,1,,Aggregated,23.800000,0.000000,41,41,41,41,41,42,42,42,43,66,66,6786,0,41,41.09549071618037,40,66,2.0141467727674622
1674613545,1,,Aggregated,23.800000,0.000000,41,41,41,41,41,42,42,42,43,66,66,6810,0,41,41.095741556534506,40,66,2.0140969162995597
1674613546,1,,Aggregated,23.800000,0.000000,41,41,41,41,41,42,42,42,43,66,66,6834,0,41,41.09569798068481,40,66,2.0140474100087795
1674613547,1,,Aggregated,23.800000,0.000000,41,41,41,41,41,42,42,42,43,66,66,6857,0,41,41.095668659763746,40,66,2.014000291672743
1674613548,1,,Aggregated,23.700000,0.000000,41,41,41,41,41,42,42,42,43,66,66,6881,0,41,41.09562563580875,40,66,2.0139514605435256
1674613549,1,,Aggregated,23.800000,0.000000,41,41,41,41,41,42,42,42,43,66,66,6905,0,41,41.095872556118756,40,66,2.0139029688631425
1674613550,1,,Aggregated,23.800000,0.000000,41,41,41,41,41,42,42,42,43,66,66,6929,0,41,41.09582912397171,40,66,2.013854813104344
1674613551,1,,Aggregated,23.800000,0.000000,41,41,41,41,41,42,42,42,43,66,66,6953,0,41,41.095785991658275,40,66,2.0138069897885806
1674613552,1,,Aggregated,23.800000,0.000000,41,41,41,41,41,42,42,42,43,66,66,6977,0,41,41.095313171850364,40,66,2.0137594954851656
1674613553,1,,Aggregated,23.800000,0.000000,41,41,41,41,41,42,42,42,43,66,66,7000,0,41,41.095285714285716,40,66,2.013714285714286
1674613554,1,,Aggregated,23.800000,0.000000,41,41,41,41,41,42,42,42,43,66,66,7024,0,41,41.09524487471526,40,66,2.0136674259681095
1674613555,1,,Aggregated,23.800000,0.000000,41,41,41,41,41,42,42,42,43,66,66,7048,0,41,41.09506242905789,40,66,2.013620885357548
1674613556,1,,Aggregated,23.800000,0.000000,41,41,41,41,41,42,42,42,43,66,66,7072,0,41,41.09502262443439,40,66,2.013574660633484
1674613557,1,,Aggregated,23.800000,0.000000,41,41,41,41,41,42,42,42,43,66,66,7096,0,41,41.0945603156708,40,66,2.013528748590755
1674613558,1,,Aggregated,23.800000,0.000000,41,41,41,41,41,42,42,42,43,66,66,7120,0,41,41.094241573033706,40,66,2.013483146067416
1674613559,1,,Aggregated,23.800000,0.000000,41,41,41,41,41,42,42,42,43,66,66,7143,0,41,41.09393812123758,40,66,2.013439731205376
1674613560,1,,Aggregated,23.800000,0.000000,41,41,41,41,41,42,42,42,43,66,66,7167,0,41,41.094321194363054,40,66,2.0133947258267058
1674613561,1,,Aggregated,23.800000,0.000000,41,41,41,41,41,42,42,42,43,66,66,7191,0,41,41.09442358503685,40,66,2.0133500208594075
1674613562,1,,Aggregated,23.800000,0.000000,41,41,41,41,41,42,42,42,43,66,66,7215,0,41,41.0945252945253,40,66,2.0133056133056133
1674613563,1,,Aggregated,23.900000,0.000000,41,41,41,41,41,42,42,42,43,66,66,7239,0,41,41.09448818897638,40,66,2.0132615002072107
1674613564,1,,Aggregated,23.800000,0.000000,41,41,41,41,41,42,42,42,43,66,66,7262,0,41,41.09460203800606,40,66,2.013219498760672
1674613565,1,,Aggregated,23.800000,0.000000,41,41,41,41,41,42,42,42,43,66,66,7286,0,41,41.094427669503155,40,66,2.0131759538841614
1674613566,1,,Aggregated,23.800000,0.000000,41,41,41,41,41,42,42,42,43,66,66,7310,0,41,41.09493844049248,40,66,2.0131326949384407
1674613567,1,,Aggregated,23.800000,0.000000,41,41,41,41,41,42,42,42,43,66,66,7334,0,41,41.09490046359422,40,66,2.013089719116444
1674613568,1,,Aggregated,23.900000,0.000000,41,41,41,41,41,42,42,42,43,66,66,7358,0,41,41.094862734438706,40,66,2.0130470236477302
1674613569,1,,Aggregated,23.800000,0.000000,41,41,41,41,41,42,42,42,43,66,66,7382,0,41,41.094554321322136,40,66,2.0130046057978865
1674613570,1,,Aggregated,23.800000,0.000000,41,41,41,41,41,42,42,42,43,66,66,7405,0,41,41.09466576637407,40,66,2.012964213369345
1674613571,1,,Aggregated,23.800000,0.000000,41,41,41,41,41,42,42,42,43,66,66,7429,0,41,41.09449454839144,40,66,2.0129223314039573
1674613572,1,,Aggregated,23.800000,0.000000,41,41,41,41,41,42,42,42,43,66,66,7453,0,41,41.09405608479807,40,66,2.012880719173487
1674613573,1,,Aggregated,23.800000,0.000000,41,41,41,41,41,42,42,42,43,66,66,7477,0,41,41.09402166644376,40,66,2.0128393740805137
1674613574,1,,Aggregated,23.800000,0.000000,41,41,41,41,41,42,42,42,43,66,66,7501,0,41,41.09385415277963,40,66,2.0127982935608584
1674613575,1,,Aggregated,23.800000,0.000000,41,41,41,41,41,42,42,42,43,66,66,7525,0,41,41.09421926910299,40,66,2.0127574750830566
1674613576,1,,Aggregated,23.800000,0.000000,41,41,41,41,41,42,42,42,43,66,66,7548,0,41,41.09432962374139,40,66,2.012718600953895
1674613577,1,,Aggregated,23.800000,0.000000,41,41,41,41,41,42,42,42,43,66,66,7572,0,41,41.09429477020602,40,66,2.012678288431062
1674613578,1,,Aggregated,23.800000,0.000000,41,41,41,41,41,42,42,42,43,66,66,7596,0,41,41.094260136914166,40,66,2.0126382306477093
1674613579,1,,Aggregated,23.800000,0.000000,41,41,41,41,41,42,42,42,43,66,66,7620,0,41,41.09409448818898,40,66,2.0125984251968503
1674613580,1,,Aggregated,23.800000,0.000000,41,41,41,41,41,42,42,42,43,66,66,7644,0,41,41.093929879644165,40,66,2.012558869701727
1674613581,1,,Aggregated,23.800000,0.000000,41,41,41,41,41,42,42,42,43,66,66,7667,0,41,41.09390896047998,40,66,2.012521194730664
1674613582,1,,Aggregated,23.800000,0.000000,41,41,41,41,41,42,42,42,43,66,66,7691,0,41,41.09335587049799,40,66,2.0124821219607334
1674613583,1,,Aggregated,23.800000,0.000000,41,41,41,41,41,42,42,42,43,66,66,7715,0,41,41.09306545690214,40,66,2.012443292287751
1674613584,1,,Aggregated,23.800000,0.000000,41,41,41,41,41,42,42,42,43,66,66,7739,0,41,41.09303527587544,40,66,2.0124047034500583
1674613585,1,,Aggregated,23.800000,0.000000,41,41,41,41,41,42,42,42,43,66,66,7763,0,41,41.09300528146335,40,66,2.0123663532139635
1674613586,1,,Aggregated,23.800000,0.000000,41,41,41,41,41,42,42,42,43,66,66,7787,0,41,41.092590214459996,40,66,2.0123282393733146
1674613587,1,,Aggregated,23.800000,0.000000,41,41,41,41,41,42,42,42,43,66,66,7811,0,41,41.0925617718602,40,66,2.012290359749072
1674613588,1,,Aggregated,23.800000,0.000000,41,41,41,41,41,42,42,42,43,66,66,7834,0,41,41.092672964003064,40,66,2.01225427623181
1674613589,1,,Aggregated,23.800000,0.000000,41,41,41,41,41,42,42,42,43,66,66,7858,0,41,41.0926444387885,40,66,2.0122168490710104
1674613590,1,,Aggregated,23.800000,0.000000,41,41,41,41,41,42,42,42,43,66,66,7882,0,41,41.09223547323015,40,66,2.0121796498350673
1674613591,1,,Aggregated,23.800000,0.000000,41,41,41,41,41,42,42,42,43,66,66,7906,0,41,41.09246142170503,40,66,2.012142676448267
1674613592,1,,Aggregated,23.800000,0.000000,41,41,41,41,41,42,42,42,43,66,66,7930,0,41,41.092559899117276,40,66,2.012105926860025
1674613593,1,,Aggregated,23.800000,0.000000,41,41,41,41,41,42,42,42,43,66,66,7953,0,41,41.0926694329184,40,66,2.012070916635232
1674613594,1,,Aggregated,23.800000,0.000000,41,41,41,41,41,42,42,42,43,66,66,7977,0,41,41.09239062304125,40,66,2.0120345994734863
1674613595,1,,Aggregated,23.800000,0.000000,41,41,41,41,41,42,42,42,43,66,66,8001,0,41,41.09248843894513,40,66,2.0119985001874765
1674613596,1,,Aggregated,23.800000,0.000000,41,41,41,41,41,42,42,42,43,66,66,8025,0,41,41.09246105919003,40,66,2.01196261682243
1674613597,1,,Aggregated,23.800000,0.000000,41,41,41,41,41,42,42,42,43,66,66,8049,0,41,41.09255808174929,40,66,2.011926947446888
1674613598,1,,Aggregated,23.800000,0.000000,41,41,41,41,41,42,42,42,43,66,66,8072,0,41,41.092294350842415,40,66,2.0118929633300295
1674613599,1,,Aggregated,23.800000,0.000000,41,41,41,41,41,42,42,42,43,66,66,8096,0,41,41.092267786561266,40,66,2.0118577075098814
1674613600,1,,Aggregated,23.800000,0.000000,41,41,41,41,41,42,42,42,43,66,66,8120,0,41,41.09211822660099,40,66,2.011822660098522
1674613601,1,,Aggregated,23.800000,0.000000,41,41,41,41,41,42,42,42,43,66,66,8144,0,41,41.09221512770137,40,66,2.011787819253438
1674613602,1,,Aggregated,23.800000,0.000000,41,41,41,41,41,42,42,42,43,66,66,8168,0,41,41.09218903036239,40,66,2.011753183153771
1674613603,1,,Aggregated,23.700000,0.000000,41,41,41,41,41,42,42,42,43,66,66,8192,0,41,41.0919189453125,40,66,2.01171875
1674613604,1,,Aggregated,23.800000,0.000000,41,41,41,41,41,42,42,42,43,66,66,8215,0,41,41.091661594643945,40,66,2.0116859403530127
1674613605,1,,Aggregated,23.800000,0.000000,41,41,41,41,41,42,42,42,43,66,66,8239,0,41,41.09163733462799,40,66,2.011651899502367
1674613606,1,,Aggregated,23.800000,0.000000,41,41,41,41,41,42,42,42,43,66,66,8263,0,41,41.09149219411836,40,66,2.011618056395982
1674613607,1,,Aggregated,23.800000,0.000000,41,41,41,41,41,42,42,42,43,66,66,8287,0,41,41.09146856522264,40,66,2.011584409315796
1674613608,1,,Aggregated,23.700000,0.000000,41,41,41,41,41,42,42,42,43,66,66,8311,0,41,41.091324750330884,40,66,2.0115509565635903
1674613609,1,,Aggregated,23.800000,0.000000,41,41,41,41,41,42,42,42,43,66,66,8334,0,41,41.09179265658747,40,66,2.011519078473722
1674613610,1,,Aggregated,23.800000,0.000000,41,41,41,41,41,42,42,42,43,66,66,8358,0,41,41.09152907394113,40,66,2.0114860014357503
1674613611,1,,Aggregated,23.800000,0.000000,41,41,41,41,41,42,42,42,43,66,66,8382,0,41,41.09138630398473,40,66,2.0114531138153184
1674613612,1,,Aggregated,23.800000,0.000000,41,41,41,41,41,42,42,42,43,66,66,8406,0,41,41.091363311920055,40,66,2.011420413990007
1674613613,1,,Aggregated,23.800000,0.000000,41,41,41,41,41,42,42,42,43,66,66,8430,0,41,41.09110320284697,40,66,2.0113879003558717
1674613614,1,,Aggregated,23.800000,0.000000,41,41,41,41,41,42,42,42,43,66,66,8454,0,41,41.090844570617456,40,66,2.0113555713271825
1674613615,1,,Aggregated,23.800000,0.000000,41,41,41,41,41,42,42,42,43,66,66,8477,0,41,41.09095198773151,40,66,2.01132476111832
1674613616,1,,Aggregated,23.800000,0.000000,41,41,41,41,41,42,42,42,43,66,66,8501,0,41,41.09081284554758,40,66,2.011292789083637
1674613617,1,,Aggregated,23.800000,0.000000,41,41,41,41,41,42,42,42,43,66,66,8525,0,41,41.09067448680352,40,66,2.0112609970674487
1674613618,1,,Aggregated,23.800000,0.000000,41,41,41,41,41,42,42,42,43,66,66,8549,0,41,41.09053690490116,40,66,2.011229383553632
1674613619,1,,Aggregated,23.800000,0.000000,41,41,41,41,41,42,42,42,43,66,66,8573,0,41,41.09063338387962,40,66,2.011197947043042
1674613620,1,,Aggregated,23.800000,0.000000,41,41,41,41,41,42,42,42,43,66,66,8596,0,41,41.09062354583527,40,66,2.011167985109353
1674613621,1,,Aggregated,23.800000,0.000000,41,41,41,41,41,42,42,42,43,66,66,8620,0,41,41.09037122969838,40,66,2.011136890951276
1674613622,1,,Aggregated,23.800000,0.000000,41,41,41,41,41,42,42,42,43,66,66,8644,0,41,41.09046737621472,40,66,2.0111059694585838
1674613623,1,,Aggregated,23.800000,0.000000,41,41,41,41,41,42,42,42,43,66,66,8668,0,41,41.09033225657591,40,66,2.0110752191970467
1674613624,1,,Aggregated,23.800000,0.000000,41,41,41,41,41,42,42,42,43,66,66,8692,0,41,41.090082834790614,40,66,2.0110446387482743
1674613625,1,,Aggregated,23.800000,0.000000,41,41,41,41,41,42,42,42,43,66,66,8716,0,41,41.0900642496558,40,66,2.0110142267095
1674613626,1,,Aggregated,23.800000,0.000000,41,41,41,41,41,42,42,42,43,66,66,8739,0,41,41.090056070488615,40,66,2.0109852385856506
1674613627,1,,Aggregated,23.800000,0.000000,41,41,41,41,41,42,42,42,43,66,66,8763,0,41,41.08980942599566,40,66,2.0109551523450873
1674613628,1,,Aggregated,23.800000,0.000000,41,41,41,41,41,42,42,42,43,66,66,8787,0,41,41.09013315124616,40,66,2.0109252304540797
1674613629,1,,Aggregated,23.800000,0.000000,41,41,41,41,41,42,42,42,43,66,66,8811,0,41,41.09022812393599,40,66,2.010895471569629
1674613630,1,,Aggregated,23.800000,0.000000,41,41,41,41,41,42,42,42,43,66,66,8835,0,41,41.09020939445388,40,66,2.010865874363328
1674613631,1,,Aggregated,23.800000,0.000000,41,41,41,41,41,42,42,42,43,66,66,8859,0,41,41.090190766452196,40,66,2.010836437521165
1674613632,1,,Aggregated,23.800000,0.000000,41,41,41,41,41,42,42,42,43,66,66,8882,0,41,41.09029497860842,40,66,2.0108083764917812
1674613633,1,,Aggregated,23.800000,0.000000,41,41,41,41,41,42,42,42,43,66,66,8906,0,41,41.09005165057265,40,66,2.010779249943858
1674613634,1,,Aggregated,23.800000,0.000000,41,41,41,41,41,42,42,42,43,66,66,8930,0,41,41.09003359462486,40,66,2.0107502799552073
1674613635,1,,Aggregated,23.800000,0.000000,41,41,41,41,41,42,42,42,43,66,66,8954,0,41,41.089792271610456,40,66,2.01072146526692
1674613636,1,,Aggregated,23.800000,0.000000,41,41,41,41,41,42,42,42,43,66,66,8978,0,41,41.08966362218757,40,66,2.010692804633549
1674613637,1,,Aggregated,23.800000,0.000000,41,41,41,41,41,42,42,42,42,66,66,9002,0,41,41.0895356587425,40,66,2.0106642968229282
1674613638,1,,Aggregated,23.800000,0.000000,41,41,41,41,41,42,42,42,42,66,66,9025,0,41,41.090083102493075,40,66,2.0106371191135732
1674613639,1,,Aggregated,23.800000,0.000000,41,41,41,41,41,42,42,42,42,66,66,9049,0,41,41.09006520057465,40,66,2.010608907061554
1674613640,1,,Aggregated,23.800000,0.000000,41,41,41,41,41,42,42,42,42,66,66,9073,0,41,41.090267827620416,40,66,2.0105808442631985
1674613641,1,,Aggregated,23.800000,0.000000,41,41,41,41,41,42,42,42,42,66,66,9097,0,41,41.09013960646367,40,66,2.01055292953721
1674613642,1,,Aggregated,23.800000,0.000000,41,41,41,41,41,42,42,42,42,66,66,9121,0,41,41.090121697182326,40,66,2.010525161714724
1674613643,1,,Aggregated,23.800000,0.000000,41,41,41,41,41,42,42,42,42,66,66,9144,0,41,41.09022309711286,40,66,2.010498687664042
1674613644,1,,Aggregated,23.800000,0.000000,41,41,41,41,41,42,42,42,43,66,66,9168,0,41,41.090314136125656,40,66,2.0104712041884816
1674613645,1,,Aggregated,23.800000,0.000000,41,41,41,41,41,42,42,42,43,66,66,9192,0,41,41.090513489991295,40,66,2.010443864229765
1674613646,1,,Aggregated,23.800000,0.000000,41,41,41,41,41,42,42,42,43,66,66,9216,0,41,41.090494791666664,40,66,2.0104166666666665
1674613647,1,,Aggregated,23.700000,0.000000,41,41,41,41,41,42,42,42,43,66,66,9240,0,41,41.09047619047619,40,66,2.0103896103896104
1674613648,1,,Aggregated,23.800000,0.000000,41,41,41,41,41,42,42,42,43,66,66,9263,0,41,41.090575407535354,40,66,2.01036381301954
1674613649,1,,Aggregated,23.800000,0.000000,41,41,41,41,41,42,42,42,43,66,66,9287,0,41,41.09077204694734,40,66,2.010337030257349
1674613650,1,,Aggregated,23.800000,0.000000,41,41,41,41,41,42,42,42,43,66,66,9311,0,41,41.09043067339706,40,66,2.01031038556546
1674613651,1,,Aggregated,23.800000,0.000000,41,41,41,41,41,42,42,42,43,66,66,9335,0,41,41.09030530262453,40,66,2.0102838778789502
1674613652,1,,Aggregated,23.800000,0.000000,41,41,41,41,41,42,42,42,43,66,66,9359,0,41,41.09018057484774,40,66,2.0102575061438186
1674613653,1,,Aggregated,23.800000,0.000000,41,41,41,41,41,42,42,42,43,66,66,9383,0,41,41.090163060854735,40,66,2.01023126931685
1674613654,1,,Aggregated,23.800000,0.000000,41,41,41,41,41,42,42,42,43,66,66,9407,0,41,41.08993302859572,40,66,2.0102051663654725
1674613655,1,,Aggregated,23.800000,0.000000,41,41,41,41,41,42,42,42,43,66,66,9430,0,41,41.08960763520679,40,66,2.0101802757158005
1674613656,1,,Aggregated,23.800000,0.000000,41,41,41,41,41,42,42,42,43,66,66,9454,0,41,41.0892743812143,40,66,2.010154431986461
1674613657,1,,Aggregated,23.900000,0.000000,41,41,41,41,41,42,42,42,43,66,66,9478,0,41,41.08936484490399,40,66,2.010128719139059
1674613658,1,,Aggregated,23.800000,0.000000,41,41,41,41,41,42,42,42,43,66,66,9502,0,41,41.08913912860451,40,66,2.0101031361818564
1674613659,1,,Aggregated,23.800000,0.000000,41,41,41,41,41,42,42,42,43,66,66,9526,0,41,41.08891454965358,40,66,2.0100776821331094
1674613660,1,,Aggregated,23.800000,0.000000,41,41,41,41,41,42,42,42,43,66,66,9550,0,41,41.08890052356021,40,66,2.0100523560209425
1674613661,1,,Aggregated,23.800000,0.000000,41,41,41,41,41,42,42,42,43,66,66,9574,0,41,41.08878211823689,40,66,2.0100271568832255
1674613662,1,,Aggregated,23.800000,0.000000,41,41,41,41,41,42,42,42,43,66,66,9597,0,41,41.08867354381577,40,66,2.010003125976868
1674613663,1,,Aggregated,23.900000,0.000000,41,41,41,41,41,42,42,42,43,66,66,9621,0,41,41.0884523438312,40,66,2.0099781727471155
1674613664,1,,Aggregated,23.800000,0.000000,41,41,41,41,41,42,42,42,43,66,66,9645,0,41,41.088335925349924,40,66,2.0099533437013997
1674613665,1,,Aggregated,23.800000,0.000000,41,41,41,41,41,42,42,42,43,66,66,9669,0,41,41.0881166614955,40,66,2.009928637914986
1674613666,1,,Aggregated,23.800000,0.000000,41,41,41,41,41,42,42,42,43,66,66,9693,0,41,41.08810481790983,40,66,2.0099040544722997
1674613667,1,,Aggregated,23.800000,0.000000,41,41,41,41,41,42,42,42,43,66,66,9717,0,41,41.08788720798601,40,66,2.009879592466811
1674613668,1,,Aggregated,23.900000,0.000000,41,41,41,41,41,42,42,42,43,66,66,9740,0,41,41.087679671457906,40,66,2.0098562628336754
1674613669,1,,Aggregated,23.900000,0.000000,41,41,41,41,41,42,42,42,43,66,66,9764,0,41,41.087566571077424,40,66,2.0098320360507986
1674613670,1,,Aggregated,23.800000,0.000000,41,41,41,41,41,42,42,42,43,66,66,9788,0,41,41.0875561912546,40,66,2.009807928075194
1674613671,1,,Aggregated,23.800000,0.000000,41,41,41,41,41,42,42,42,43,66,66,9812,0,41,41.08764777823074,40,66,2.009783938035059
1674613672,1,,Aggregated,23.800000,0.000000,41,41,41,41,41,42,42,42,43,66,66,9836,0,41,41.087535583570556,40,66,2.0097600650671006
1674613673,1,,Aggregated,23.800000,0.000000,41,41,41,41,41,42,42,42,43,66,66,9860,0,41,41.08742393509128,40,66,2.00973630831643
1674613674,1,,Aggregated,23.900000,0.000000,41,41,41,41,41,42,42,42,43,66,66,9884,0,41,41.08721165520032,40,66,2.009712666936463
1674613675,1,,Aggregated,23.800000,0.000000,41,41,41,41,41,42,42,42,43,66,66,9907,0,41,41.08731200161502,40,66,2.009690118098314
1674613676,1,,Aggregated,23.800000,0.000000,41,41,41,41,41,42,42,42,43,66,66,9931,0,41,41.087403081260696,40,66,2.009666700231598
1674613677,1,,Aggregated,23.800000,0.000000,41,41,41,41,41,42,42,42,43,66,66,9955,0,41,41.08729281767956,40,66,2.0096433952787542
1674613678,1,,Aggregated,23.800000,0.000000,41,41,41,41,41,42,42,42,43,66,66,9979,0,41,41.08738350536126,40,66,2.0096202024250926
1674613679,1,,Aggregated,23.800000,0.000000,41,41,41,41,41,42,42,42,42,55,66,10003,0,41,41.08737378786364,40,66,2.009597120863741
1674613680,1,,Aggregated,23.900000,0.000000,41,41,41,41,41,42,42,42,42,55,66,10027,0,41,41.08696519397626,40,66,2.009574149795552
1674613681,1,,Aggregated,23.800000,0.000000,41,41,41,41,41,42,42,42,42,55,66,10050,0,41,41.08676616915423,40,66,2.0095522388059703
1674613682,1,,Aggregated,23.800000,0.000000,41,41,41,41,41,42,42,42,42,55,66,10074,0,41,41.08646019456025,40,66,2.0095294818344254
1674613683,1,,Aggregated,23.800000,0.000000,41,41,41,41,41,42,42,42,42,55,66,10098,0,41,41.086155674390966,40,66,2.009506833036245
1674613684,1,,Aggregated,23.800000,0.000000,41,41,41,41,41,42,42,42,42,55,66,10122,0,41,41.08605018770994,40,66,2.009484291641968
1674613685,1,,Aggregated,23.900000,0.000000,41,41,41,41,41,42,42,42,42,55,66,10146,0,41,41.08614232209738,40,66,2.0094618568894145
1674613686,1,,Aggregated,23.900000,0.000000,41,41,41,41,41,42,42,42,42,55,66,10170,0,41,41.08623402163225,40,66,2.009439528023599
1674613687,1,,Aggregated,23.800000,0.000000,41,41,41,41,41,42,42,42,42,55,66,10194,0,41,41.08593290170688,40,66,2.0094173042966452
1674613688,1,,Aggregated,23.800000,0.000000,41,41,41,41,41,42,42,42,42,55,66,10218,0,41,41.08553532981014,40,66,2.009395184967704
1674613689,1,,Aggregated,23.800000,0.000000,41,41,41,41,41,42,42,42,42,55,66,10241,0,41,41.08553852162875,40,66,2.0093740845620545
1674613690,1,,Aggregated,23.800000,0.000000,41,41,41,41,41,42,42,42,42,55,66,10265,0,41,41.08563078421822,40,66,2.0093521675596686
1674613691,1,,Aggregated,23.900000,0.000000,41,41,41,41,41,42,42,42,42,55,66,10289,0,41,41.08562542521139,40,66,2.0093303528039654
1674613692,1,,Aggregated,23.900000,0.000000,41,41,41,41,41,42,42,42,42,55,66,10313,0,41,41.0856200911471,40,66,2.009308639581111
1674613693,1,,Aggregated,23.800000,0.000000,41,41,41,41,41,42,42,42,42,55,66,10337,0,41,41.085518041985104,40,66,2.0092870271839023
1674613694,1,,Aggregated,23.800000,0.000000,41,41,41,41,41,42,42,42,42,55,66,10361,0,41,41.0853199498118,40,66,2.009265514911688
1674613695,1,,Aggregated,23.800000,0.000000,41,41,41,41,41,42,42,42,42,55,66,10385,0,41,41.085411651420316,40,66,2.009244102070294
1674613696,1,,Aggregated,23.800000,0.000000,41,41,41,41,41,42,42,42,42,55,66,10408,0,41,41.08551114527287,40,66,2.0092236740968485
1674613697,1,,Aggregated,23.900000,0.000000,41,41,41,41,41,42,42,42,42,55,66,10432,0,41,41.08550613496933,40,66,2.0092024539877302
1674613698,1,,Aggregated,23.900000,0.000000,41,41,41,41,41,42,42,42,42,55,66,10456,0,41,41.08511859219587,40,66,2.0091813312930373
1674613699,1,,Aggregated,23.800000,0.000000,41,41,41,41,41,42,42,42,42,55,66,10480,0,41,41.08492366412214,40,66,2.0091603053435114
1674613700,1,,Aggregated,23.800000,0.000000,41,41,41,41,41,42,42,42,42,55,66,10504,0,41,41.08492003046459,40,66,2.009139375476009
1674613701,1,,Aggregated,23.800000,0.000000,41,41,41,41,41,42,42,42,42,55,66,10528,0,41,41.08491641337386,40,66,2.0091185410334345
1674613702,1,,Aggregated,23.800000,0.000000,41,41,41,41,41,42,42,42,42,55,66,10551,0,41,41.08482608283575,40,66,2.009098663633779
1674613703,1,,Aggregated,23.900000,0.000000,41,41,41,41,41,42,42,42,42,55,66,10575,0,41,41.08472813238771,40,66,2.0090780141843974
1674613704,1,,Aggregated,23.900000,0.000000,41,41,41,41,41,42,42,42,42,55,66,10599,0,41,41.084724974054154,40,66,2.0090574582507785
1674613705,1,,Aggregated,23.800000,0.000000,41,41,41,41,41,42,42,42,42,55,66,10623,0,41,41.08462769462487,40,66,2.0090369951990965
1674613706,1,,Aggregated,23.800000,0.000000,41,41,41,41,41,42,42,42,42,55,66,10647,0,41,41.084718700103316,40,66,2.00901662440124
1674613707,1,,Aggregated,23.800000,0.000000,41,41,41,41,41,42,42,42,42,55,66,10671,0,41,41.08471558429388,40,66,2.0089963452347486
1674613708,1,,Aggregated,23.800000,0.000000,41,41,41,41,41,42,42,42,42,55,66,10695,0,41,41.08433847592333,40,66,2.008976157082749
1674613709,1,,Aggregated,23.900000,0.000000,41,41,41,41,41,42,42,42,42,55,66,10718,0,41,41.08425079305841,40,66,2.0089568949430863
1674613710,1,,Aggregated,23.800000,0.000000,41,41,41,41,41,42,42,42,42,55,66,10742,0,41,41.08424874325079,40,66,2.0089368832619625
1674613711,1,,Aggregated,23.800000,0.000000,41,41,41,41,41,42,42,42,42,55,66,10766,0,41,41.084060932565485,40,66,2.0089169608025266
1674613712,1,,Aggregated,23.800000,0.000000,41,41,41,41,41,42,42,42,42,55,66,10790,0,41,41.083873957367935,40,66,2.008897126969416
1674613713,1,,Aggregated,23.800000,0.000000,41,41,41,41,41,42,42,42,42,55,66,10814,0,41,41.08396523025707,40,66,2.008877381172554
1674613714,1,,Aggregated,23.800000,0.000000,41,41,41,41,41,42,42,42,42,55,66,10838,0,41,41.083779295072894,40,66,2.00885772282709
1674613715,1,,Aggregated,23.900000,0.000000,41,41,41,41,41,42,42,42,42,55,66,10862,0,41,41.08350211747376,40,66,2.0088381513533418
1674613716,1,,Aggregated,23.800000,0.000000,41,41,41,41,41,42,42,42,42,55,66,10885,0,41,41.08350941662839,40,66,2.008819476343592
1674613717,1,,Aggregated,23.800000,0.000000,41,41,41,41,41,42,42,42,42,55,66,10909,0,41,41.08332569438079,40,66,2.0088000733339446
1674613718,1,,Aggregated,23.800000,0.000000,41,41,41,41,41,42,42,42,42,55,66,10933,0,41,41.08341717735297,40,66,2.0087807555108386
1674613719,1,,Aggregated,23.800000,0.000000,41,41,41,41,41,42,42,42,42,55,66,10957,0,41,41.083416993702656,40,66,2.008761522314502
1674613720,1,,Aggregated,23.900000,0.000000,41,41,41,41,41,42,42,42,42,55,66,10981,0,41,41.083325744467714,40,66,2.0087423731900556
1674613721,1,,Aggregated,23.800000,0.000000,41,41,41,41,41,42,42,42,42,55,66,11004,0,41,41.08324245728826,40,66,2.0087241003271536
1674613722,1,,Aggregated,23.800000,0.000000,41,41,41,41,41,42,42,42,42,55,66,11028,0,41,41.083333333333336,40,66,2.0087051142546244
1674613723,1,,Aggregated,23.800000,0.000000,41,41,41,41,41,42,42,42,42,55,66,11052,0,41,41.08324285197249,40,66,2.008686210640608
1674613724,1,,Aggregated,23.800000,0.000000,41,41,41,41,41,42,42,42,42,55,66,11076,0,41,41.08342361863489,40,66,2.008667388949079
1674613725,1,,Aggregated,23.800000,0.000000,41,41,41,41,41,42,42,42,42,55,66,11100,0,41,41.083423423423426,40,66,2.0086486486486486
1674613726,1,,Aggregated,23.800000,0.000000,41,41,41,41,41,42,42,42,42,55,66,11124,0,41,41.08351312477526,40,66,2.0086299892125137
1674613727,1,,Aggregated,23.800000,0.000000,41,41,41,41,41,42,42,42,42,55,66,11147,0,41,41.08369965013008,40,66,2.0086121826500403
1674613728,1,,Aggregated,23.800000,0.000000,41,41,41,41,41,42,42,42,42,55,66,11171,0,41,41.08360934562707,40,66,2.0085936800644526
1674613729,1,,Aggregated,23.800000,0.000000,41,41,41,41,41,42,42,42,42,55,66,11195,0,41,41.083787405091556,40,66,2.0085752568110764
1674613730,1,,Aggregated,23.800000,0.000000,41,41,41,41,41,42,42,42,42,55,66,11219,0,41,41.0837864337285,40,66,2.0085569123807825
1674613731,1,,Aggregated,23.800000,0.000000,41,41,41,41,41,42,42,42,42,55,66,11243,0,41,41.083518633816595,40,66,2.0085386462687893
1674613732,1,,Aggregated,23.800000,0.000000,41,41,41,41,41,42,42,42,42,55,66,11267,0,41,41.08334072956421,40,66,2.0085204579746163
1674613733,1,,Aggregated,23.800000,0.000000,41,41,41,41,41,42,42,42,42,55,66,11290,0,41,41.083082373782105,40,66,2.008503100088574
1674613734,1,,Aggregated,23.800000,0.000000,41,41,41,41,41,42,42,42,42,55,66,11314,0,41,41.08290613399328,40,66,2.0084850627541098
1674613735,1,,Aggregated,23.800000,0.000000,41,41,41,41,41,42,42,42,42,55,66,11338,0,41,41.08308343623214,40,66,2.008467101781619
1674613736,1,,Aggregated,23.800000,0.000000,41,41,41,41,41,42,42,42,42,55,66,11362,0,41,41.08308396409083,40,66,2.008449216687203
1674613737,1,,Aggregated,23.800000,0.000000,41,41,41,41,41,42,42,42,42,55,66,11386,0,41,41.08290883541191,40,66,2.0084314069910416
1674613738,1,,Aggregated,23.800000,0.000000,41,41,41,41,41,42,42,42,42,55,66,11410,0,41,41.08317265556529,40,66,2.0084136722173533
1674613739,1,,Aggregated,23.800000,0.000000,41,41,41,41,41,42,42,42,42,55,66,11433,0,41,41.083180267646284,40,66,2.008396746260824
1674613740,1,,Aggregated,23.800000,0.000000,41,41,41,41,41,42,42,42,42,55,66,11457,0,41,41.08300602251899,40,66,2.0083791568473424
1674613741,1,,Aggregated,23.800000,0.000000,41,41,41,41,41,42,42,42,42,55,66,11481,0,41,41.08291960630607,40,66,2.0083616409720406
1674613742,1,,Aggregated,23.800000,0.000000,41,41,41,41,41,42,42,42,42,55,66,11505,0,41,41.08283355063016,40,66,2.0083441981747066
1674613743,1,,Aggregated,23.800000,0.000000,41,41,41,41,41,42,42,42,42,55,66,11529,0,41,41.08274785323966,40,66,2.008326827998959
1674613744,1,,Aggregated,23.800000,0.000000,41,41,41,41,41,42,42,42,42,55,66,11552,0,41,41.08284279778393,40,66,2.0083102493074794
1674613745,1,,Aggregated,23.800000,0.000000,41,41,41,41,41,42,42,42,42,55,66,11576,0,41,41.08249827228749,40,66,2.008293020041465
1674613746,1,,Aggregated,23.800000,0.000000,41,41,41,41,41,42,42,42,42,55,66,11600,0,41,41.0825,40,66,2.0082758620689654
1674613747,1,,Aggregated,23.800000,0.000000,41,41,41,41,41,42,42,42,42,55,66,11624,0,41,41.08232966276669,40,66,2.0082587749483825
1674613748,1,,Aggregated,23.800000,0.000000,41,41,41,41,41,42,42,42,42,55,66,11648,0,41,41.082074175824175,40,66,2.008241758241758
1674613749,1,,Aggregated,23.800000,0.000000,41,41,41,41,41,42,42,42,42,55,66,11672,0,41,41.08190541466758,40,66,2.008224811514736
1674613750,1,,Aggregated,23.800000,0.000000,41,41,41,41,41,42,42,42,42,55,66,11696,0,41,41.08190834473324,40,66,2.008207934336525
1674613751,1,,Aggregated,23.900000,0.000000,41,41,41,41,41,42,42,42,42,55,66,11719,0,41,41.081662257871834,40,66,2.0081918252410613
1674613752,1,,Aggregated,23.800000,0.000000,41,41,41,41,41,42,42,42,42,55,66,11743,0,41,41.081580516052114,40,66,2.008175083028187
1674613753,1,,Aggregated,23.800000,0.000000,41,41,41,41,41,42,42,42,42,55,66,11767,0,41,41.08132914081754,40,66,2.0081584091102234
1674613754,1,,Aggregated,23.800000,0.000000,41,41,41,41,41,42,42,42,42,55,66,11791,0,41,41.08133322025274,40,66,2.008141803070138
1674613755,1,,Aggregated,23.800000,0.000000,41,41,41,41,41,42,42,42,42,55,66,11815,0,41,41.081337283114685,40,66,2.008125264494287
1674613756,1,,Aggregated,23.900000,0.000000,41,41,41,41,41,42,42,42,42,55,66,11839,0,41,41.08108792972379,40,66,2.0081087929723793
1674613757,1,,Aggregated,23.800000,0.000000,41,41,41,41,41,42,42,42,42,55,66,11862,0,41,41.08135221716405,40,66,2.0080930703085484
1674613758,1,,Aggregated,23.800000,0.000000,41,41,41,41,41,42,42,42,42,55,66,11886,0,41,41.08118795221269,40,66,2.0080767289247854
1674613759,1,,Aggregated,23.800000,0.000000,41,41,41,41,41,42,42,42,42,55,66,11910,0,41,41.08110831234257,40,66,2.0080604534005038
1674613760,1,,Aggregated,23.800000,0.000000,41,41,41,41,41,42,42,42,42,55,66,11934,0,41,41.08111278699514,40,66,2.008044243338361
1674613761,1,,Aggregated,23.800000,0.000000,41,41,41,41,41,42,42,42,42,55,66,11958,0,41,41.081117243686236,40,66,2.0080280983442047
1674613762,1,,Aggregated,23.800000,0.000000,41,41,41,41,41,42,42,42,42,55,66,11981,0,41,41.08112845338452,40,66,2.0080126867540273
1674613763,1,,Aggregated,23.800000,0.000000,41,41,41,41,41,42,42,42,42,55,66,12005,0,41,41.08088296543107,40,66,2.007996668054977
1674613764,1,,Aggregated,23.800000,0.000000,41,41,41,41,41,42,42,42,42,55,66,12029,0,41,41.08072158949206,40,66,2.007980713276249
1674613765,1,,Aggregated,23.800000,0.000000,41,41,41,41,41,42,42,42,42,55,66,12053,0,41,41.08056085621837,40,66,2.0079648220360076
1674613766,1,,Aggregated,23.800000,0.000000,41,41,41,41,41,42,42,42,42,55,66,12077,0,41,41.07998675167674,40,66,2.0079489939554525
1674613767,1,,Aggregated,23.800000,0.000000,41,41,41,41,41,42,42,42,42,55,66,12101,0,41,41.07999338897612,40,66,2.0079332286587883
1674613768,1,,Aggregated,23.800000,0.000000,41,41,41,41,41,42,42,42,42,55,66,12125,0,41,41.07975257731959,40,66,2.007917525773196
1674613769,1,,Aggregated,23.800000,0.000000,41,41,41,41,41,42,42,42,42,55,66,12148,0,41,41.07968389858413,40,66,2.007902535396773
1674613770,1,,Aggregated,23.800000,0.000000,41,41,41,41,41,42,42,42,42,55,66,12172,0,41,41.07919815971081,40,66,2.0078869536641473
1674613771,1,,Aggregated,23.800000,0.000000,41,41,41,41,41,42,42,42,42,55,66,12196,0,41,41.07912430305018,40,66,2.0078714332568057
1674613772,1,,Aggregated,23.900000,0.000000,41,41,41,41,41,42,42,42,42,55,66,12220,0,41,41.07888707037643,40,66,2.0078559738134207
1674613773,1,,Aggregated,23.800000,0.000000,41,41,41,41,41,42,42,42,42,55,66,12244,0,41,41.078732440378964,40,66,2.007840574975498
1674613774,1,,Aggregated,23.800000,0.000000,41,41,41,41,41,42,42,42,42,55,66,12268,0,41,41.0787414411477,40,66,2.007825236387349
1674613775,1,,Aggregated,23.800000,0.000000,41,41,41,41,41,42,42,42,42,55,66,12292,0,41,41.078506345590625,40,66,2.0078099576960624
1674613776,1,,Aggregated,23.800000,0.000000,41,41,41,41,41,42,42,42,42,55,66,12315,0,41,41.078522127486806,40,66,2.007795371498173
1674613777,1,,Aggregated,23.900000,0.000000,41,41,41,41,41,42,42,42,42,55,66,12339,0,41,41.078207310154795,40,66,2.007780209093119
1674613778,1,,Aggregated,23.900000,0.000000,41,41,41,41,41,42,42,42,42,55,66,12363,0,41,41.077974601633905,40,66,2.0077651055569037
1674613779,1,,Aggregated,23.800000,0.000000,41,41,41,41,41,42,42,42,42,55,66,12387,0,41,41.07790425446032,40,66,2.007750060547348
1674613780,1,,Aggregated,23.800000,0.000000,41,41,41,41,41,42,42,42,42,55,66,12411,0,41,41.07783417935702,40,66,2.0077350737249215
1674613781,1,,Aggregated,23.800000,0.000000,41,41,41,41,41,42,42,42,42,55,66,12435,0,41,41.07752312022517,40,66,2.007720144752714
1674613782,1,,Aggregated,23.800000,0.000000,41,41,41,41,41,42,42,42,42,55,66,12459,0,41,41.07737378601814,40,66,2.0077052732964122
1674613783,1,,Aggregated,23.900000,0.000000,41,41,41,41,41,42,42,42,42,55,66,12483,0,41,41.07714491708724,40,66,2.007690459024273
1674613784,1,,Aggregated,23.900000,0.000000,41,41,41,41,41,42,42,42,42,55,66,12506,0,41,41.077083000159924,40,66,2.0076763153686232
1674613785,1,,Aggregated,23.900000,0.000000,41,41,41,41,41,42,42,42,42,55,66,12530,0,41,41.07677573822825,40,66,2.0076616121308857
1674613786,1,,Aggregated,23.800000,0.000000,41,41,41,41,41,42,42,42,42,55,66,12554,0,41,41.076389995220644,40,66,2.007646965110722
1674613787,1,,Aggregated,23.800000,0.000000,41,41,41,41,41,42,42,42,42,55,66,12578,0,41,41.076164732071874,40,66,2.0076323739863255
1674613788,1,,Aggregated,23.800000,0.000000,41,41,41,41,41,42,42,42,42,55,66,12602,0,41,41.0760990318997,40,66,2.007617838438343
1674613789,1,,Aggregated,23.900000,0.000000,41,41,41,41,41,42,42,42,42,55,66,12626,0,41,41.07571677490892,40,66,2.0076033581498494
1674613790,1,,Aggregated,23.900000,0.000000,41,41,41,41,41,42,42,42,42,55,66,12650,0,41,41.07565217391304,40,66,2.007588932806324
1674613791,1,,Aggregated,23.900000,0.000000,41,41,41,41,41,42,42,42,42,55,66,12673,0,41,41.0756726899708,40,66,2.007575159788527
1674613792,1,,Aggregated,23.900000,0.000000,41,41,41,41,41,42,42,42,42,55,66,12697,0,41,41.0757659289596,40,66,2.0075608411435772
1674613793,1,,Aggregated,23.800000,0.000000,41,41,41,41,41,42,42,42,42,55,66,12721,0,41,41.0757015957865,40,66,2.0075465765270026
1674613794,1,,Aggregated,23.800000,0.000000,41,41,41,41,41,42,42,42,42,55,66,12745,0,41,41.0757159670459,40,66,2.007532365633582
1674613795,1,,Aggregated,23.800000,0.000000,41,41,41,41,41,42,42,42,42,55,66,12769,0,41,41.075182081603884,40,66,2.0075182081603886
1674613796,1,,Aggregated,23.900000,0.000000,41,41,41,41,41,42,42,42,42,55,66,12793,0,41,41.074884702571715,40,66,2.0075041038067694
1674613797,1,,Aggregated,23.900000,0.000000,41,41,41,41,41,42,42,42,42,55,66,12817,0,41,41.07505656549895,40,66,2.0074900522743233
1674613798,1,,Aggregated,23.800000,0.000000,41,41,41,41,41,42,42,42,42,55,66,12840,0,41,41.075233644859814,40,66,2.007476635514019
1674613799,1,,Aggregated,23.800000,0.000000,41,41,41,41,41,42,42,42,42,55,66,12864,0,41,41.075171019900495,40,66,2.0074626865671643
1674613800,1,,Aggregated,23.800000,0.000000,41,41,41,41,41,42,42,42,42,55,66,12888,0,41,41.07495344506518,40,66,2.007448789571695
1674613801,1,,Aggregated,23.800000,0.000000,41,41,41,41,41,42,42,42,42,55,66,12912,0,41,41.07496902106568,40,66,2.007434944237918
1674613802,1,,Aggregated,23.800000,0.000000,41,41,41,41,41,42,42,42,42,55,66,12936,0,41,41.074984539270254,40,66,2.0074211502782933
1674613803,1,,Aggregated,23.900000,0.000000,41,41,41,41,41,42,42,42,42,55,66,12960,0,41,41.075,40,66,2.0074074074074075
1674613804,1,,Aggregated,23.800000,0.000000,41,41,41,41,41,42,42,42,42,55,66,12983,0,41,41.075098205345455,40,66,2.007394284834014
1674613805,1,,Aggregated,23.800000,0.000000,41,41,41,41,41,42,42,42,42,55,66,13007,0,41,41.07511340047667,40,66,2.007380641193204
1674613806,1,,Aggregated,23.800000,0.000000,41,41,41,41,41,42,42,42,42,55,66,13031,0,41,41.07520527971759,40,66,2.007367047809071
1674613807,1,,Aggregated,23.800000,0.000000,41,41,41,41,41,42,42,42,42,55,66,13055,0,41,41.074990425124476,40,66,2.007353504404443
1674613808,1,,Aggregated,23.900000,0.000000,41,41,41,41,41,42,42,42,42,55,66,13079,0,41,41.074776359048855,40,66,2.007340010704182
1674613809,1,,Aggregated,23.800000,0.000000,41,41,41,41,41,42,42,42,42,55,66,13103,0,41,41.07463939555827,40,66,2.0073265664351676
1674613810,1,,Aggregated,23.800000,0.000000,41,41,41,41,41,42,42,42,42,55,66,13127,0,41,41.07427439628247,40,66,2.007313171326274
1674613811,1,,Aggregated,23.800000,0.000000,41,41,41,41,41,42,42,42,42,55,66,13150,0,41,41.07444866920152,40,66,2.007300380228137
1674613812,1,,Aggregated,23.800000,0.000000,41,41,41,41,41,42,42,42,42,55,66,13174,0,41,41.07454076210718,40,66,2.007287080613329
1674613813,1,,Aggregated,23.800000,0.000000,41,41,41,41,41,42,42,42,42,55,66,13198,0,41,41.074480981966964,40,66,2.0072738293680863
1674613814,1,,Aggregated,23.900000,0.000000,41,41,41,41,41,42,42,42,42,55,66,13222,0,41,41.074497050370596,40,66,2.0072606262290122
1674613815,1,,Aggregated,23.800000,0.000000,41,41,41,41,41,42,42,42,42,55,66,13246,0,41,41.07458855503548,40,66,2.007247470934622
1674613816,1,,Aggregated,23.800000,0.000000,41,41,41,41,41,42,42,42,42,55,66,13270,0,41,41.07452901281085,40,66,2.0072343632253205
1674613817,1,,Aggregated,23.800000,0.000000,41,41,41,41,41,42,42,42,42,55,66,13293,0,41,41.07432483261867,40,66,2.007221846084405
1674613818,1,,Aggregated,23.800000,0.000000,41,41,41,41,41,42,42,42,42,55,66,13317,0,41,41.07411579184501,40,66,2.007208830817752
1674613819,1,,Aggregated,23.900000,0.000000,41,41,41,41,41,42,42,42,42,55,66,13341,0,41,41.0742073307848,40,66,2.007195862379132
1674613820,1,,Aggregated,23.800000,0.000000,41,41,41,41,41,42,42,42,42,55,66,13365,0,41,41.074223718668165,40,66,2.007182940516274
1674613821,1,,Aggregated,23.800000,0.000000,41,41,41,41,41,42,42,42,42,55,66,13389,0,41,41.07409067144671,40,66,2.007170064978714
1674613822,1,,Aggregated,23.800000,0.000000,41,41,41,41,41,42,42,42,42,55,66,13413,0,41,41.074330873033624,40,66,2.007157235517781
1674613823,1,,Aggregated,23.800000,0.000000,41,41,41,41,41,42,42,42,42,55,66,13437,0,41,41.074049266949466,40,66,2.0071444518865817
1674613824,1,,Aggregated,23.800000,0.000000,41,41,41,41,41,42,42,42,42,55,66,13460,0,41,41.07407132243685,40,66,2.0071322436849925
1674613825,1,,Aggregated,23.900000,0.000000,41,41,41,41,41,42,42,42,42,55,66,13484,0,41,41.07393948383269,40,66,2.007119549095224
1674613826,1,,Aggregated,23.800000,0.000000,41,41,41,41,41,42,42,42,42,55,66,13508,0,41,41.07380811371039,40,66,2.0071068996150427
1674613827,1,,Aggregated,23.800000,0.000000,41,41,41,41,41,42,42,42,42,55,66,13532,0,41,41.07375110848359,40,66,2.007094295004434
1674613828,1,,Aggregated,23.800000,0.000000,41,41,41,41,41,42,42,42,42,55,66,13556,0,41,41.07362053703157,40,66,2.007081735025081
1674613829,1,,Aggregated,23.800000,0.000000,41,41,41,41,41,42,42,42,42,55,66,13580,0,41,41.07341678939617,40,66,2.0070692194403534
1674613830,1,,Aggregated,23.900000,0.000000,41,41,41,41,41,42,42,42,42,55,66,13604,0,41,41.07343428403411,40,66,2.0070567480152897
1674613831,1,,Aggregated,23.900000,0.000000,41,41,41,41,41,42,42,42,42,55,66,13627,0,41,41.07367725838409,40,66,2.0070448374550525
1674613832,1,,Aggregated,23.800000,0.000000,41,41,41,41,41,42,42,42,42,55,66,13651,0,41,41.07369423485459,40,66,2.0070324518350304
1674613833,1,,Aggregated,23.800000,0.000000,41,41,41,41,41,42,42,42,42,55,66,13675,0,41,41.07363802559415,40,66,2.007020109689214
1674613834,1,,Aggregated,23.800000,0.000000,41,41,41,41,41,42,42,42,42,55,66,13699,0,41,41.073582013285645,40,66,2.0070078107891085
1674613835,1,,Aggregated,23.800000,0.000000,41,41,41,41,41,42,42,42,42,55,66,13723,0,41,41.073453326532096,40,66,2.006995554907819
1674613836,1,,Aggregated,23.900000,0.000000,41,41,41,41,41,42,42,42,42,55,66,13747,0,41,41.07354331854223,40,66,2.0069833418200336
1674613837,1,,Aggregated,23.800000,0.000000,41,41,41,41,41,42,42,42,42,55,66,13770,0,41,41.07371096586783,40,66,2.0069716775599127
1674613838,1,,Aggregated,23.800000,0.000000,41,41,41,41,41,42,42,42,42,55,66,13794,0,41,41.07358271712339,40,66,2.006959547629404
1674613839,1,,Aggregated,23.800000,0.000000,41,41,41,41,41,42,42,42,42,55,66,13818,0,41,41.07345491388045,40,66,2.006947459834998
1674613840,1,,Aggregated,23.800000,0.000000,41,41,41,41,41,42,42,42,42,55,66,13842,0,41,41.0733275538217,40,66,2.0069354139575206
1674613841,1,,Aggregated,23.800000,0.000000,41,41,41,41,41,42,42,42,42,55,66,13866,0,41,41.07334487234963,40,66,2.0069234097793163
1674613842,1,,Aggregated,23.900000,0.000000,41,41,41,41,41,42,42,42,42,55,66,13890,0,41,41.07336213102952,40,66,2.0069114470842333
1674613843,1,,Aggregated,23.800000,0.000000,41,41,41,41,41,42,42,42,42,55,66,13913,0,41,41.073456479551496,40,66,2.006900021562567
1674613844,1,,Aggregated,23.800000,0.000000,41,41,41,41,41,42,42,42,42,55,66,13937,0,41,41.073616990744064,40,66,2.0068881394848246
1674613845,1,,Aggregated,23.800000,0.000000,41,41,41,41,41,42,42,42,42,55,66,13961,0,41,41.073633693861474,40,66,2.006876298259437
1674613846,1,,Aggregated,23.800000,0.000000,41,41,41,41,41,42,42,42,42,55,66,13985,0,41,41.073650339649625,40,66,2.0068644976760814
1674613847,1,,Aggregated,23.800000,0.000000,41,41,41,41,41,42,42,42,42,55,66,14009,0,41,41.07359554572061,40,66,2.0068527375258762
1674613848,1,,Aggregated,23.800000,0.000000,41,41,41,41,41,42,42,42,42,55,66,14032,0,41,41.07368871151653,40,66,2.006841505131129
1674613849,1,,Aggregated,23.800000,0.000000,41,41,41,41,41,42,42,42,42,55,66,14056,0,41,41.07363403528742,40,66,2.0068298235628914
